/*!40101 SET @OLD_CHARACTER_SET_CLIENT=@@CHARACTER_SET_CLIENT */;
/*!40101 SET NAMES utf8 */;
/*!50503 SET NAMES utf8mb4 */;
/*!40103 SET @OLD_TIME_ZONE=@@TIME_ZONE */;
/*!40103 SET TIME_ZONE='+00:00' */;
/*!40014 SET @OLD_FOREIGN_KEY_CHECKS=@@FOREIGN_KEY_CHECKS, FOREIGN_KEY_CHECKS=0 */;
/*!40101 SET @OLD_SQL_MODE=@@SQL_MODE, SQL_MODE='NO_AUTO_VALUE_ON_ZERO' */;
/*!40111 SET @OLD_SQL_NOTES=@@SQL_NOTES, SQL_NOTES=0 */;

CREATE DATABASE IF NOT EXISTS `laptop` /*!40100 DEFAULT CHARACTER SET utf8mb4 COLLATE utf8mb4_general_ci */;
USE `laptop`;

CREATE TABLE IF NOT EXISTS `compañia` (
  `com_code` int(11) NOT NULL,
  `com_nomb` varchar(50) DEFAULT NULL,
  PRIMARY KEY (`com_code`)
) ENGINE=InnoDB DEFAULT CHARSET=utf8mb4 COLLATE=utf8mb4_general_ci;

INSERT INTO `compañia` (`com_code`, `com_nomb`) VALUES
	(1, 'Apple'),
	(2, 'HP'),
	(3, 'Acer'),
	(4, 'Asus'),
	(5, 'Dell'),
	(6, 'Lenovo'),
	(7, 'Chuwi'),
	(8, 'MSI'),
	(9, 'Microsoft'),
	(10, 'Toshiba'),
	(11, 'Huawei'),
	(12, 'Xiaomi'),
	(13, 'Vero'),
	(14, 'Razer'),
	(15, 'Mediacom'),
	(16, 'Samsung'),
	(17, 'Google'),
	(18, 'Fujitsu'),
	(19, 'LG');

CREATE TABLE IF NOT EXISTS `compañia_cpu` (
  `cpuc_code` int(11) NOT NULL,
  `cpuc_nomb` varchar(255) DEFAULT NULL,
  PRIMARY KEY (`cpuc_code`)
) ENGINE=InnoDB DEFAULT CHARSET=utf8mb4 COLLATE=utf8mb4_general_ci;

INSERT INTO `compañia_cpu` (`cpuc_code`, `cpuc_nomb`) VALUES
	(1, 'Intel'),
	(2, 'AMD'),
	(3, 'Samsung');

CREATE TABLE IF NOT EXISTS `compañia_gpu` (
  `gpuc_code` int(11) NOT NULL,
  `gpuc_nomb` varchar(255) DEFAULT NULL,
  PRIMARY KEY (`gpuc_code`)
) ENGINE=InnoDB DEFAULT CHARSET=utf8mb4 COLLATE=utf8mb4_general_ci;

INSERT INTO `compañia_gpu` (`gpuc_code`, `gpuc_nomb`) VALUES
	(1, 'Intel'),
	(2, 'AMD'),
	(3, 'Nvidia'),
	(4, 'ARM');

CREATE TABLE IF NOT EXISTS `lapt` (
  `id` int(11) NOT NULL AUTO_INCREMENT,
  `Company` int(11) NOT NULL,
  `Product` varchar(255) NOT NULL,
  `TypeName` varchar(255) NOT NULL,
  `inches` decimal(10,0) DEFAULT NULL,
  `Ram` int(11) NOT NULL,
  `OS` int(11) NOT NULL,
  `Weight` decimal(10,0) DEFAULT NULL,
  `price_euros` decimal(10,0) DEFAULT NULL,
  `Screen` varchar(255) NOT NULL,
  `screenw` decimal(10,0) DEFAULT NULL,
  `screenh` decimal(10,0) DEFAULT NULL,
  `Touchscreen` varchar(255) NOT NULL,
  `IPSpanel` varchar(255) NOT NULL,
  `RetinaDisplay` varchar(255) NOT NULL,
  `CPU_company` int(11) NOT NULL,
  `cpu_freq` decimal(10,0) DEFAULT NULL,
  `CPU_model` int(11) NOT NULL,
  `primarystorage` decimal(10,0) DEFAULT NULL,
  `SecondaryStorage` varchar(255) DEFAULT NULL,
  `PrimaryStorageType` varchar(255) NOT NULL,
  `SecondaryStorageType` varchar(255) NOT NULL,
  `GPU_company` int(11) NOT NULL,
  `GPU_model` int(11) NOT NULL,
  PRIMARY KEY (`id`),
  KEY `fk_lapt_company` (`Company`),
  KEY `fk_lapt_ram` (`Ram`),
  KEY `fk_lapt_so` (`OS`),
  KEY `fk_lapt_compañia_cpu` (`CPU_company`),
  KEY `fk_lapt_modelo_cpu` (`CPU_model`),
  KEY `fk_lapt_compañia_gpu` (`GPU_company`),
  KEY `fk_lapt_modelo_gpu` (`GPU_model`),
  CONSTRAINT `fk_lapt_company` FOREIGN KEY (`Company`) REFERENCES `compañia` (`com_code`),
  CONSTRAINT `fk_lapt_compañia_cpu` FOREIGN KEY (`CPU_company`) REFERENCES `compañia_cpu` (`cpuc_code`),
  CONSTRAINT `fk_lapt_compañia_gpu` FOREIGN KEY (`GPU_company`) REFERENCES `compañia_gpu` (`gpuc_code`),
  CONSTRAINT `fk_lapt_modelo_cpu` FOREIGN KEY (`CPU_model`) REFERENCES `modelo_cpu` (`cpum_code`),
  CONSTRAINT `fk_lapt_modelo_gpu` FOREIGN KEY (`GPU_model`) REFERENCES `modelo_gpu` (`gpum_code`),
  CONSTRAINT `fk_lapt_ram` FOREIGN KEY (`Ram`) REFERENCES `ram` (`ram_code`),
  CONSTRAINT `fk_lapt_so` FOREIGN KEY (`OS`) REFERENCES `so` (`sop_code`)
) ENGINE=InnoDB AUTO_INCREMENT=1276 DEFAULT CHARSET=utf8mb4 COLLATE=utf8mb4_general_ci;

INSERT INTO `lapt` (`id`, `Company`, `Product`, `TypeName`, `inches`, `Ram`, `OS`, `Weight`, `price_euros`, `Screen`, `screenw`, `screenh`, `Touchscreen`, `IPSpanel`, `RetinaDisplay`, `CPU_company`, `cpu_freq`, `CPU_model`, `primarystorage`, `SecondaryStorage`, `PrimaryStorageType`, `SecondaryStorageType`, `GPU_company`, `GPU_model`) VALUES
	(1, 1, 'MacBook Pro', 'Ultrabook', 13, 1, 1, 1, 1340, 'Standard', 2560, 1600, 'No', 'Yes', 'Yes', 1, 2, 1, 128, '0', 'SSD', 'No', 1, 1),
	(2, 1, 'Macbook Air', 'Ultrabook', 13, 1, 1, 1, 899, 'Standard', 1440, 900, 'No', 'No', 'No', 1, 2, 1, 128, '0', 'Flash Storage', 'No', 1, 2),
	(3, 2, '250 G6', 'Notebook', 16, 1, 2, 2, 575, 'Full HD', 1920, 1080, 'No', 'No', 'No', 1, 3, 2, 256, '0', 'SSD', 'No', 1, 3),
	(4, 1, 'MacBook Pro', 'Ultrabook', 15, 2, 1, 2, 2537, 'Standard', 2880, 1800, 'No', 'Yes', 'Yes', 1, 3, 3, 512, '0', 'SSD', 'No', 2, 4),
	(5, 1, 'MacBook Pro', 'Ultrabook', 13, 1, 1, 1, 1804, 'Standard', 2560, 1600, 'No', 'Yes', 'Yes', 1, 3, 1, 256, '0', 'SSD', 'No', 1, 5),
	(6, 3, 'Aspire 3', 'Notebook', 16, 3, 3, 2, 400, 'Standard', 1366, 768, 'No', 'No', 'No', 2, 3, 4, 500, '0', 'HDD', 'No', 2, 6),
	(7, 1, 'MacBook Pro', 'Ultrabook', 15, 2, 4, 2, 2140, 'Standard', 2880, 1800, 'No', 'Yes', 'Yes', 1, 2, 3, 256, '0', 'Flash Storage', 'No', 1, 7),
	(8, 1, 'Macbook Air', 'Ultrabook', 13, 1, 1, 1, 1159, 'Standard', 1440, 900, 'No', 'No', 'No', 1, 2, 1, 256, '0', 'Flash Storage', 'No', 1, 2),
	(9, 4, 'ZenBook UX430UN', 'Ultrabook', 14, 2, 3, 1, 1495, 'Full HD', 1920, 1080, 'No', 'No', 'No', 1, 2, 5, 512, '0', 'SSD', 'No', 3, 8),
	(10, 3, 'Swift 3', 'Ultrabook', 14, 1, 3, 2, 770, 'Full HD', 1920, 1080, 'No', 'Yes', 'No', 1, 2, 6, 256, '0', 'SSD', 'No', 1, 9),
	(11, 2, '250 G6', 'Notebook', 16, 3, 2, 2, 394, 'Standard', 1366, 768, 'No', 'No', 'No', 1, 3, 2, 500, '0', 'HDD', 'No', 1, 3),
	(12, 2, '250 G6', 'Notebook', 16, 3, 2, 2, 345, 'Full HD', 1920, 1080, 'No', 'No', 'No', 1, 2, 7, 500, '0', 'HDD', 'No', 1, 10),
	(13, 1, 'MacBook Pro', 'Ultrabook', 15, 2, 1, 2, 2440, 'Standard', 2880, 1800, 'No', 'Yes', 'Yes', 1, 3, 3, 256, '0', 'SSD', 'No', 2, 11),
	(14, 5, 'Inspiron 3567', 'Notebook', 16, 3, 3, 2, 499, 'Full HD', 1920, 1080, 'No', 'No', 'No', 1, 2, 7, 256, '0', 'SSD', 'No', 2, 12),
	(15, 1, 'MacBook 12"', 'Ultrabook', 12, 1, 1, 1, 1262, 'Standard', 2304, 1440, 'No', 'Yes', 'Yes', 1, 1, 8, 256, '0', 'SSD', 'No', 1, 13),
	(16, 1, 'MacBook Pro', 'Ultrabook', 13, 1, 1, 1, 1519, 'Standard', 2560, 1600, 'No', 'Yes', 'Yes', 1, 2, 1, 256, '0', 'SSD', 'No', 1, 1),
	(17, 5, 'Inspiron 3567', 'Notebook', 16, 1, 3, 2, 745, 'Full HD', 1920, 1080, 'No', 'No', 'No', 1, 3, 9, 256, '0', 'SSD', 'No', 2, 12),
	(18, 1, 'MacBook Pro', 'Ultrabook', 15, 2, 1, 2, 2858, 'Standard', 2880, 1800, 'No', 'Yes', 'Yes', 1, 3, 3, 512, '0', 'SSD', 'No', 2, 14),
	(19, 6, 'IdeaPad 320-15IKB', 'Notebook', 16, 1, 2, 2, 499, 'Full HD', 1920, 1080, 'No', 'No', 'No', 1, 2, 10, 1024, '0', 'HDD', 'No', 3, 15),
	(20, 5, 'XPS 13', 'Ultrabook', 13, 1, 3, 1, 979, 'Full HD', 1920, 1080, 'Yes', 'Yes', 'No', 1, 2, 6, 128, '0', 'SSD', 'No', 1, 9),
	(21, 4, 'Vivobook E200HA', 'Netbook', 12, 4, 3, 1, 192, 'Standard', 1366, 768, 'No', 'No', 'No', 1, 1, 11, 32, '0', 'Flash Storage', 'No', 1, 16),
	(22, 6, 'Legion Y520-15IKBN', 'Gaming', 16, 1, 3, 3, 999, 'Full HD', 1920, 1080, 'No', 'Yes', 'No', 1, 3, 12, 128, '1024', 'SSD', 'HDD', 3, 17),
	(23, 2, '255 G6', 'Notebook', 16, 3, 2, 2, 258, 'Standard', 1366, 768, 'No', 'No', 'No', 2, 2, 13, 500, '0', 'HDD', 'No', 2, 18),
	(24, 5, 'Inspiron 5379', '2 in 1 Convertible', 13, 1, 3, 2, 819, 'Full HD', 1920, 1080, 'Yes', 'No', 'No', 1, 2, 6, 256, '0', 'SSD', 'No', 1, 9),
	(25, 2, '15-BS101nv (i7-8550U/8GB/256GB/FHD/W10)', 'Ultrabook', 16, 1, 3, 2, 659, 'Full HD', 1920, 1080, 'No', 'No', 'No', 1, 2, 5, 256, '0', 'SSD', 'No', 1, 3),
	(26, 5, 'Inspiron 3567', 'Notebook', 16, 3, 3, 2, 419, 'Standard', 1366, 768, 'No', 'No', 'No', 1, 2, 7, 1024, '0', 'HDD', 'No', 1, 10),
	(27, 1, 'MacBook Air', 'Ultrabook', 13, 1, 4, 1, 1099, 'Standard', 1440, 900, 'No', 'No', 'No', 1, 2, 1, 128, '0', 'Flash Storage', 'No', 1, 2),
	(28, 5, 'Inspiron 5570', 'Notebook', 16, 1, 3, 2, 800, 'Full HD', 1920, 1080, 'No', 'No', 'No', 1, 2, 6, 256, '0', 'SSD', 'No', 2, 19),
	(29, 5, 'Latitude 5590', 'Ultrabook', 16, 1, 3, 2, 1298, 'Full HD', 1920, 1080, 'No', 'No', 'No', 1, 2, 14, 256, '256', 'SSD', 'SSD', 1, 9),
	(30, 2, 'ProBook 470', 'Notebook', 17, 1, 3, 3, 896, 'Full HD', 1920, 1080, 'No', 'No', 'No', 1, 2, 6, 1024, '0', 'HDD', 'No', 3, 20),
	(31, 7, 'LapBook 15.6"', 'Notebook', 16, 3, 3, 2, 245, 'Full HD', 1920, 1080, 'No', 'No', 'No', 1, 1, 15, 64, '0', 'Flash Storage', 'No', 1, 21),
	(32, 4, 'E402WA-GA010T (E2-6110/2GB/32GB/W10)', 'Notebook', 14, 4, 3, 2, 199, 'Standard', 1366, 768, 'No', 'No', 'No', 2, 2, 16, 32, '0', 'Flash Storage', 'No', 2, 18),
	(33, 2, '17-ak001nv (A6-9220/4GB/500GB/Radeon', 'Notebook', 17, 3, 3, 3, 439, 'Full HD', 1920, 1080, 'No', 'No', 'No', 2, 3, 17, 500, '0', 'HDD', 'No', 2, 19),
	(34, 5, 'XPS 13', 'Ultrabook', 13, 2, 3, 1, 1869, 'Quad HD+', 3200, 1800, 'Yes', 'No', 'No', 1, 2, 5, 512, '0', 'SSD', 'No', 1, 9),
	(35, 1, 'MacBook Air', 'Ultrabook', 13, 1, 4, 1, 998, 'Standard', 1440, 900, 'No', 'No', 'No', 1, 2, 1, 256, '0', 'Flash Storage', 'No', 1, 2),
	(36, 6, 'IdeaPad 120S-14IAP', 'Notebook', 14, 3, 3, 1, 249, 'Standard', 1366, 768, 'No', 'No', 'No', 1, 1, 18, 64, '0', 'Flash Storage', 'No', 1, 22),
	(37, 3, 'Aspire 3', 'Notebook', 16, 3, 5, 2, 367, 'Standard', 1366, 768, 'No', 'No', 'No', 1, 3, 19, 1024, '0', 'HDD', 'No', 1, 3),
	(38, 5, 'Inspiron 5770', 'Notebook', 17, 1, 3, 3, 979, 'Full HD', 1920, 1080, 'No', 'Yes', 'No', 1, 2, 6, 128, '1024', 'SSD', 'HDD', 2, 19),
	(39, 2, '250 G6', 'Notebook', 16, 3, 3, 2, 489, 'Standard', 1366, 768, 'No', 'No', 'No', 1, 3, 2, 1024, '0', 'HDD', 'No', 1, 3),
	(40, 2, 'ProBook 450', 'Notebook', 16, 1, 3, 2, 879, 'Full HD', 1920, 1080, 'No', 'No', 'No', 1, 2, 6, 256, '0', 'SSD', 'No', 3, 20),
	(41, 4, 'X540UA-DM186 (i3-6006U/4GB/1TB/FHD/Linux)', 'Notebook', 16, 3, 5, 2, 389, 'Full HD', 1920, 1080, 'No', 'No', 'No', 1, 2, 7, 1024, '0', 'HDD', 'No', 1, 3),
	(42, 5, 'Inspiron 7577', 'Gaming', 16, 2, 3, 3, 1499, 'Full HD', 1920, 1080, 'No', 'Yes', 'No', 1, 3, 20, 256, '1024', 'SSD', 'HDD', 3, 23),
	(43, 4, 'X542UQ-GO005 (i5-7200U/8GB/1TB/GeForce', 'Notebook', 16, 1, 5, 2, 523, 'Standard', 1366, 768, 'No', 'No', 'No', 1, 3, 2, 1024, '0', 'HDD', 'No', 3, 15),
	(44, 3, 'Aspire A515-51G', 'Notebook', 16, 3, 3, 2, 682, 'Full HD', 1920, 1080, 'No', 'Yes', 'No', 1, 2, 6, 256, '0', 'SSD', 'No', 1, 9),
	(45, 5, 'Inspiron 7773', '2 in 1 Convertible', 17, 5, 3, 3, 999, 'Full HD', 1920, 1080, 'Yes', 'No', 'No', 1, 2, 6, 1024, '0', 'HDD', 'No', 3, 24),
	(46, 1, 'MacBook Pro', 'Ultrabook', 13, 1, 1, 1, 1419, 'Standard', 2560, 1600, 'No', 'Yes', 'Yes', 1, 2, 1, 256, '0', 'SSD', 'No', 1, 25),
	(47, 6, 'IdeaPad 320-15ISK', 'Notebook', 16, 3, 2, 2, 369, 'Standard', 1366, 768, 'No', 'No', 'No', 1, 2, 7, 128, '0', 'SSD', 'No', 1, 10),
	(48, 4, 'Rog Strix', 'Gaming', 17, 1, 3, 3, 1299, 'Full HD', 1920, 1080, 'No', 'No', 'No', 2, 3, 21, 256, '1024', 'SSD', 'HDD', 2, 26),
	(49, 5, 'Inspiron 3567', 'Notebook', 16, 3, 3, 2, 639, 'Full HD', 1920, 1080, 'No', 'No', 'No', 1, 3, 2, 256, '0', 'SSD', 'No', 2, 12),
	(50, 4, 'X751NV-TY001T (N4200/4GB/1TB/GeForce', 'Notebook', 17, 3, 3, 3, 466, 'Standard', 1366, 768, 'No', 'No', 'No', 1, 1, 22, 1024, '0', 'HDD', 'No', 3, 27),
	(51, 6, 'Yoga Book', '2 in 1 Convertible', 10, 3, 6, 1, 319, 'Standard', 1920, 1200, 'Yes', 'Yes', 'No', 1, 1, 23, 64, '0', 'Flash Storage', 'No', 1, 16),
	(52, 3, 'Aspire A515-51G', 'Notebook', 16, 1, 3, 2, 841, 'Full HD', 1920, 1080, 'No', 'Yes', 'No', 1, 2, 5, 256, '0', 'SSD', 'No', 3, 8),
	(53, 2, '255 G6', 'Notebook', 16, 3, 3, 2, 398, 'Full HD', 1920, 1080, 'No', 'No', 'No', 2, 3, 17, 256, '0', 'SSD', 'No', 2, 28),
	(54, 2, 'ProBook 430', 'Notebook', 13, 1, 3, 1, 1103, 'Full HD', 1920, 1080, 'No', 'No', 'No', 1, 2, 5, 512, '0', 'SSD', 'No', 1, 9),
	(55, 3, 'Aspire 3', 'Notebook', 16, 3, 3, 2, 384, 'Standard', 1366, 768, 'No', 'No', 'No', 1, 2, 10, 1024, '0', 'HDD', 'No', 1, 3),
	(56, 5, 'Inspiron 3576', 'Notebook', 16, 1, 3, 2, 768, 'Full HD', 1920, 1080, 'No', 'No', 'No', 1, 2, 5, 256, '0', 'SSD', 'No', 2, 29),
	(57, 2, '15-bs002nv (i3-6006U/4GB/128GB/FHD/W10)', 'Notebook', 16, 3, 3, 2, 439, 'Full HD', 1920, 1080, 'No', 'No', 'No', 1, 2, 7, 128, '0', 'SSD', 'No', 1, 10),
	(58, 4, 'VivoBook Max', 'Notebook', 16, 3, 3, 2, 586, 'Standard', 1366, 768, 'No', 'No', 'No', 1, 3, 2, 256, '0', 'SSD', 'No', 1, 3),
	(59, 8, 'GS73VR 7RG', 'Gaming', 17, 2, 3, 2, 2449, 'Full HD', 1920, 1080, 'No', 'No', 'No', 1, 3, 20, 256, '2048', 'SSD', 'HDD', 3, 30),
	(60, 4, 'X541UA-DM1897 (i3-6006U/4GB/256GB/FHD/Linux)', 'Notebook', 16, 3, 5, 2, 415, 'Full HD', 1920, 1080, 'No', 'No', 'No', 1, 2, 7, 256, '0', 'SSD', 'No', 1, 10),
	(61, 5, 'Inspiron 5770', 'Notebook', 17, 2, 3, 3, 1299, 'Full HD', 1920, 1080, 'No', 'No', 'No', 1, 2, 5, 256, '2048', 'SSD', 'HDD', 2, 19),
	(62, 5, 'Vostro 5471', 'Ultrabook', 14, 1, 3, 2, 879, 'Full HD', 1920, 1080, 'No', 'No', 'No', 1, 2, 6, 256, '0', 'SSD', 'No', 1, 9),
	(63, 6, 'IdeaPad 520S-14IKB', 'Notebook', 14, 1, 2, 2, 599, 'Full HD', 1920, 1080, 'No', 'Yes', 'No', 1, 3, 19, 256, '0', 'SSD', 'No', 1, 3),
	(64, 4, 'UX410UA-GV350T (i5-8250U/8GB/256GB/FHD/W10)', 'Notebook', 14, 1, 3, 1, 941, 'Full HD', 1920, 1080, 'No', 'No', 'No', 1, 2, 6, 256, '0', 'SSD', 'No', 1, 9),
	(65, 2, '250 G6', 'Notebook', 16, 1, 3, 2, 690, 'Full HD', 1920, 1080, 'No', 'No', 'No', 1, 3, 2, 256, '0', 'SSD', 'No', 1, 3),
	(66, 4, 'ZenBook Pro', 'Ultrabook', 16, 2, 3, 2, 1983, 'Full HD', 1920, 1080, 'No', 'No', 'No', 1, 3, 20, 512, '0', 'SSD', 'No', 3, 31),
	(67, 2, '250 G6', 'Notebook', 16, 3, 3, 2, 439, 'Standard', 1366, 768, 'No', 'No', 'No', 1, 2, 7, 500, '0', 'HDD', 'No', 2, 29),
	(68, 2, 'Stream 14-AX040wm', 'Notebook', 14, 3, 3, 1, 229, 'Standard', 1366, 768, 'No', 'No', 'No', 1, 2, 24, 32, '0', 'SSD', 'No', 1, 16),
	(69, 6, 'V310-15ISK (i5-7200U/4GB/1TB/FHD/W10)', 'Notebook', 16, 3, 3, 2, 549, 'Full HD', 1920, 1080, 'No', 'No', 'No', 1, 3, 2, 1024, '0', 'HDD', 'No', 1, 3),
	(70, 4, 'FX753VE-GC093 (i7-7700HQ/12GB/1TB/GeForce', 'Gaming', 17, 5, 5, 3, 949, 'Full HD', 1920, 1080, 'No', 'No', 'No', 1, 3, 20, 1024, '0', 'HDD', 'No', 3, 31),
	(71, 9, 'Surface Laptop', 'Ultrabook', 14, 3, 7, 1, 1089, 'Standard', 2256, 1504, 'Yes', 'No', 'No', 1, 3, 2, 128, '0', 'SSD', 'No', 1, 3),
	(72, 5, 'Inspiron 5370', 'Ultrabook', 13, 1, 3, 1, 955, 'Full HD', 1920, 1080, 'No', 'Yes', 'No', 1, 2, 5, 256, '0', 'SSD', 'No', 2, 19),
	(73, 5, 'Inspiron 5570', 'Notebook', 16, 1, 3, 2, 870, 'Full HD', 1920, 1080, 'No', 'No', 'No', 1, 2, 5, 256, '0', 'SSD', 'No', 2, 19),
	(74, 8, 'GL72M 7RDX', 'Gaming', 17, 1, 3, 3, 1095, 'Full HD', 1920, 1080, 'No', 'No', 'No', 1, 3, 12, 128, '1024', 'SSD', 'HDD', 3, 17),
	(75, 3, 'Aspire E5-475', 'Notebook', 14, 1, 3, 2, 389, 'Standard', 1366, 768, 'No', 'No', 'No', 1, 2, 7, 1024, '0', 'HDD', 'No', 1, 10),
	(76, 4, 'FX503VD-E4022T (i7-7700HQ/8GB/1TB/GeForce', 'Gaming', 16, 1, 3, 2, 949, 'Full HD', 1920, 1080, 'No', 'No', 'No', 1, 3, 20, 1024, '0', 'HDD', 'No', 3, 17),
	(77, 6, 'IdeaPad 320-15IKBN', 'Notebook', 16, 1, 2, 2, 519, 'Full HD', 1920, 1080, 'No', 'No', 'No', 1, 3, 2, 2048, '0', 'HDD', 'No', 1, 3),
	(78, 5, 'Inspiron 5570', 'Notebook', 16, 1, 3, 2, 855, 'Full HD', 1920, 1080, 'No', 'No', 'No', 1, 2, 5, 128, '1024', 'SSD', 'HDD', 1, 9),
	(79, 3, 'Aspire A515-51G-32MX', 'Notebook', 16, 3, 3, 2, 530, 'Full HD', 1920, 1080, 'No', 'No', 'No', 1, 3, 19, 1024, '0', 'HDD', 'No', 3, 32),
	(80, 2, 'ProBook 470', 'Notebook', 17, 1, 3, 3, 977, 'Full HD', 1920, 1080, 'No', 'No', 'No', 1, 2, 6, 128, '1024', 'SSD', 'HDD', 3, 20),
	(81, 5, 'Latitude 5590', 'Ultrabook', 16, 1, 3, 2, 1096, 'Full HD', 1920, 1080, 'No', 'Yes', 'No', 1, 2, 6, 256, '0', 'SSD', 'No', 1, 9),
	(82, 1, 'MacBook 12"', 'Ultrabook', 12, 1, 1, 1, 1510, 'Standard', 2304, 1440, 'No', 'Yes', 'Yes', 1, 1, 1, 512, '0', 'SSD', 'No', 1, 13),
	(83, 2, 'ProBook 440', 'Notebook', 14, 1, 3, 2, 860, 'Full HD', 1920, 1080, 'No', 'No', 'No', 1, 2, 6, 256, '0', 'SSD', 'No', 1, 3),
	(84, 6, 'IdeaPad 320-15AST', 'Notebook', 16, 3, 3, 2, 399, 'Full HD', 1920, 1080, 'No', 'No', 'No', 2, 3, 17, 128, '0', 'SSD', 'No', 2, 33),
	(85, 3, 'Aspire 3', 'Notebook', 16, 3, 3, 2, 395, 'Standard', 1366, 768, 'No', 'No', 'No', 2, 3, 4, 1024, '0', 'HDD', 'No', 2, 6),
	(86, 5, 'Inspiron 7577', 'Gaming', 16, 2, 3, 3, 1349, 'Full HD', 1920, 1080, 'No', 'Yes', 'No', 1, 3, 20, 128, '1024', 'SSD', 'HDD', 3, 31),
	(87, 2, 'Pavilion 15-CK000nv', 'Ultrabook', 16, 1, 3, 2, 699, 'Full HD', 1920, 1080, 'No', 'Yes', 'No', 1, 2, 5, 256, '0', 'SSD', 'No', 3, 34),
	(88, 2, '250 G6', 'Notebook', 16, 1, 3, 2, 599, 'Full HD', 1920, 1080, 'No', 'No', 'No', 1, 3, 2, 256, '0', 'SSD', 'No', 1, 3),
	(89, 4, 'FX503VM-E4007T (i7-7700HQ/16GB/1TB', 'Gaming', 16, 2, 3, 2, 1449, 'Full HD', 1920, 1080, 'No', 'Yes', 'No', 1, 3, 20, 128, '1024', 'SSD', 'HDD', 3, 23),
	(90, 5, 'XPS 13', 'Ultrabook', 13, 1, 3, 1, 1649, 'Full HD', 1920, 1080, 'No', 'Yes', 'No', 1, 2, 5, 256, '0', 'SSD', 'No', 1, 9),
	(91, 4, 'FX550IK-DM018T (FX-9830P/8GB/1TB/Radeon', 'Gaming', 16, 1, 3, 2, 699, 'Full HD', 1920, 1080, 'No', 'No', 'No', 2, 3, 25, 1024, '0', 'HDD', 'No', 2, 35),
	(92, 3, 'Aspire 5', 'Notebook', 16, 1, 3, 2, 689, 'Full HD', 1920, 1080, 'No', 'No', 'No', 1, 2, 5, 1024, '0', 'HDD', 'No', 3, 8),
	(93, 2, 'Probook 430', 'Notebook', 13, 2, 3, 1, 1197, 'Full HD', 1920, 1080, 'No', 'No', 'No', 1, 2, 5, 512, '0', 'SSD', 'No', 1, 9),
	(94, 5, 'Inspiron 7577', 'Gaming', 16, 1, 3, 3, 1195, 'Full HD', 1920, 1080, 'No', 'No', 'No', 1, 3, 12, 256, '0', 'SSD', 'No', 3, 23),
	(95, 4, 'Zenbook UX430UA', 'Ultrabook', 14, 1, 3, 1, 1049, 'Full HD', 1920, 1080, 'No', 'No', 'No', 1, 3, 9, 256, '0', 'SSD', 'No', 1, 3),
	(96, 3, 'Spin 5', '2 in 1 Convertible', 13, 1, 3, 2, 847, 'Full HD', 1920, 1080, 'Yes', 'Yes', 'No', 1, 2, 6, 256, '0', 'SSD', 'No', 1, 9),
	(97, 5, 'Inspiron 3567', 'Notebook', 16, 1, 5, 2, 600, 'Full HD', 1920, 1080, 'No', 'No', 'No', 1, 3, 9, 1024, '0', 'HDD', 'No', 2, 12),
	(98, 5, 'Inspiron 3567', 'Notebook', 16, 3, 5, 2, 485, 'Full HD', 1920, 1080, 'No', 'No', 'No', 1, 2, 7, 256, '0', 'SSD', 'No', 2, 12),
	(99, 4, 'X541UV-DM1439T (i3-7100U/6GB/256GB/GeForce', 'Notebook', 16, 6, 3, 2, 577, 'Full HD', 1920, 1080, 'No', 'No', 'No', 1, 2, 10, 256, '0', 'SSD', 'No', 3, 36),
	(100, 2, 'Omen 15-ce007nv', 'Gaming', 16, 5, 3, 3, 1249, 'Full HD', 1920, 1080, 'No', 'Yes', 'No', 1, 3, 20, 128, '1024', 'SSD', 'HDD', 3, 17),
	(101, 2, '15-bs017nv (i7-7500U/8GB/256GB/Radeon', 'Notebook', 16, 1, 3, 2, 719, 'Full HD', 1920, 1080, 'No', 'No', 'No', 1, 3, 9, 256, '0', 'SSD', 'No', 2, 19),
	(102, 2, '15-bw000nv (E2-9000e/4GB/500GB/Radeon', 'Notebook', 16, 3, 3, 2, 349, 'Full HD', 1920, 1080, 'No', 'No', 'No', 2, 2, 13, 500, '0', 'HDD', 'No', 2, 18),
	(103, 5, 'Inspiron 3576', 'Notebook', 16, 1, 5, 2, 647, 'Full HD', 1920, 1080, 'No', 'No', 'No', 1, 2, 6, 1024, '0', 'HDD', 'No', 2, 29),
	(104, 2, 'Envy 13-ad009n', 'Ultrabook', 13, 1, 3, 1, 1119, 'Full HD', 1920, 1080, 'No', 'Yes', 'No', 1, 3, 9, 256, '0', 'SSD', 'No', 3, 8),
	(105, 9, 'Surface Laptop', 'Ultrabook', 14, 1, 7, 1, 1340, 'Standard', 2256, 1504, 'Yes', 'No', 'No', 1, 3, 2, 256, '0', 'SSD', 'No', 1, 3),
	(106, 2, 'Pavilion 14-BK001nv', 'Notebook', 14, 6, 3, 2, 659, 'Full HD', 1920, 1080, 'No', 'Yes', 'No', 1, 3, 2, 256, '0', 'SSD', 'No', 3, 15),
	(107, 6, 'Ideapad 310-15ISK', 'Notebook', 16, 3, 3, 2, 415, 'Full HD', 1920, 1080, 'No', 'No', 'No', 1, 2, 7, 1024, '0', 'HDD', 'No', 1, 10),
	(108, 4, 'UX430UQ-GV209R (i7-7500U/8GB/256GB/GeForce', 'Ultrabook', 14, 1, 3, 1, 1193, 'Full HD', 1920, 1080, 'No', 'Yes', 'No', 1, 3, 9, 256, '0', 'SSD', 'No', 3, 15),
	(109, 8, 'GP62M 7REX', 'Gaming', 16, 2, 3, 2, 1299, 'Full HD', 1920, 1080, 'No', 'No', 'No', 1, 3, 20, 256, '1024', 'SSD', 'HDD', 3, 31),
	(110, 6, 'Thinkpad T470', 'Notebook', 14, 1, 3, 2, 1480, 'Full HD', 1920, 1080, 'No', 'Yes', 'No', 1, 3, 9, 256, '0', 'SSD', 'No', 1, 3),
	(111, 4, 'VivoBook S15', 'Ultrabook', 16, 2, 3, 2, 1262, 'Full HD', 1920, 1080, 'No', 'No', 'No', 1, 2, 5, 256, '1024', 'SSD', 'HDD', 3, 8),
	(112, 5, 'XPS 13', 'Ultrabook', 13, 1, 3, 1, 1379, 'Quad HD+', 3200, 1800, 'Yes', 'No', 'No', 1, 2, 26, 256, '0', 'SSD', 'No', 1, 1),
	(113, 6, 'ThinkPad Yoga', '2 in 1 Convertible', 13, 1, 3, 1, 1399, 'Full HD', 1920, 1080, 'Yes', 'Yes', 'No', 1, 3, 2, 256, '0', 'SSD', 'No', 1, 3),
	(114, 2, 'Probook 440', 'Notebook', 14, 3, 3, 2, 722, 'Standard', 1366, 768, 'No', 'Yes', 'No', 1, 2, 6, 500, '0', 'HDD', 'No', 1, 9),
	(115, 5, 'XPS 13', 'Ultrabook', 13, 1, 3, 1, 1629, 'Full HD', 1920, 1080, 'No', 'Yes', 'No', 1, 2, 6, 256, '0', 'SSD', 'No', 1, 9),
	(116, 2, 'Spectre x360', '2 in 1 Convertible', 13, 1, 3, 1, 1399, 'Full HD', 1920, 1080, 'Yes', 'Yes', 'No', 1, 2, 6, 256, '0', 'SSD', 'No', 1, 9),
	(117, 2, 'Probook 440', 'Notebook', 14, 1, 3, 2, 1084, 'Full HD', 1920, 1080, 'No', 'No', 'No', 1, 2, 5, 512, '0', 'SSD', 'No', 1, 9),
	(118, 5, 'Inspiron 7570', 'Notebook', 16, 1, 3, 2, 1130, 'Full HD', 1920, 1080, 'No', 'Yes', 'No', 1, 2, 5, 256, '1024', 'SSD', 'HDD', 3, 15),
	(119, 4, 'X705UV-BX074T (i3-6006U/4GB/1TB/GeForce', 'Notebook', 17, 3, 3, 2, 564, 'Full HD', 1920, 1080, 'No', 'No', 'No', 1, 2, 7, 1024, '0', 'HDD', 'No', 3, 27),
	(120, 4, 'VivoBook S15', 'Notebook', 16, 1, 3, 2, 1118, 'Full HD', 1920, 1080, 'No', 'No', 'No', 1, 2, 5, 256, '0', 'SSD', 'No', 3, 15),
	(121, 3, 'Spin 3', 'Notebook', 16, 6, 3, 2, 479, 'Full HD', 1920, 1080, 'Yes', 'Yes', 'No', 1, 2, 10, 1024, '0', 'HDD', 'No', 1, 3),
	(122, 8, 'GS63VR 7RG', 'Gaming', 16, 2, 3, 2, 2242, 'Full HD', 1920, 1080, 'No', 'No', 'No', 1, 3, 20, 256, '2048', 'SSD', 'HDD', 3, 30),
	(123, 6, 'IdeaPad 320-15IKBN', 'Notebook', 16, 1, 2, 2, 629, 'Full HD', 1920, 1080, 'No', 'No', 'No', 1, 3, 2, 256, '0', 'SSD', 'No', 3, 15),
	(124, 2, 'Probook 470', 'Notebook', 17, 2, 3, 3, 1271, 'Full HD', 1920, 1080, 'No', 'No', 'No', 1, 2, 5, 512, '0', 'SSD', 'No', 3, 20),
	(125, 3, 'Aspire 3', 'Notebook', 16, 3, 3, 2, 451, 'Standard', 1366, 768, 'No', 'No', 'No', 2, 3, 4, 256, '0', 'SSD', 'No', 2, 6),
	(126, 2, '250 G6', 'Notebook', 16, 3, 2, 2, 259, 'Standard', 1366, 768, 'No', 'No', 'No', 1, 2, 24, 500, '0', 'HDD', 'No', 1, 16),
	(127, 2, 'Probook 440', 'Notebook', 14, 1, 3, 2, 812, 'Full HD', 1920, 1080, 'No', 'No', 'No', 1, 2, 6, 1024, '0', 'HDD', 'No', 1, 9),
	(128, 4, 'E402WA-GA007T (E2-6110/4GB/64GB/W10', 'Notebook', 14, 3, 7, 2, 278, 'Standard', 1366, 768, 'No', 'No', 'No', 2, 2, 27, 64, '0', 'SSD', 'No', 2, 18),
	(129, 5, 'Inspiron 5770', 'Notebook', 17, 2, 3, 3, 1396, 'Full HD', 1920, 1080, 'No', 'No', 'No', 1, 2, 5, 256, '2048', 'SSD', 'HDD', 2, 19),
	(130, 2, 'ProBook 470', 'Notebook', 17, 1, 3, 3, 928, 'Full HD', 1920, 1080, 'No', 'No', 'No', 1, 2, 6, 256, '0', 'SSD', 'No', 1, 9),
	(131, 5, 'Inspiron 5567', 'Notebook', 16, 1, 3, 2, 639, 'Standard', 1366, 768, 'No', 'No', 'No', 1, 3, 2, 1024, '0', 'HDD', 'No', 2, 37),
	(132, 5, 'Inspiron 3567', 'Notebook', 16, 3, 3, 2, 449, 'Full HD', 1920, 1080, 'No', 'No', 'No', 1, 2, 7, 1024, '0', 'HDD', 'No', 2, 12),
	(133, 3, 'Swift 3', 'Ultrabook', 14, 1, 3, 2, 884, 'Full HD', 1920, 1080, 'No', 'Yes', 'No', 1, 2, 5, 256, '0', 'SSD', 'No', 1, 9),
	(134, 3, 'Aspire A515-51G-37JS', 'Notebook', 16, 3, 3, 2, 572, 'Full HD', 1920, 1080, 'No', 'No', 'No', 1, 3, 19, 256, '0', 'SSD', 'No', 3, 32),
	(135, 2, '15-BS078nr (i7-7500U/8GB/1TB/W10)', 'Notebook', 16, 1, 3, 2, 598, 'Standard', 1366, 768, 'No', 'No', 'No', 1, 3, 9, 1024, '0', 'HDD', 'No', 1, 3),
	(136, 2, 'Probook 440', 'Notebook', 14, 1, 3, 2, 988, 'Full HD', 1920, 1080, 'No', 'No', 'No', 1, 2, 5, 256, '0', 'SSD', 'No', 1, 9),
	(137, 6, 'V110-15IAP (N3350/4GB/1TB/No', 'Notebook', 16, 3, 2, 2, 252, 'Standard', 1366, 768, 'No', 'No', 'No', 1, 1, 18, 1024, '0', 'HDD', 'No', 1, 22),
	(138, 4, 'FX753VD-GC086T (i5-7300HQ/8GB/1TB', 'Gaming', 17, 1, 3, 3, 938, 'Full HD', 1920, 1080, 'No', 'No', 'No', 1, 3, 12, 128, '1024', 'SSD', 'HDD', 3, 17),
	(139, 6, 'IdeaPad 320-15IKBN', 'Notebook', 16, 3, 2, 2, 499, 'Full HD', 1920, 1080, 'No', 'No', 'No', 1, 3, 2, 1024, '0', 'HDD', 'No', 3, 27),
	(140, 2, 'Envy 13-AD007nv', 'Notebook', 13, 3, 3, 1, 699, 'Full HD', 1920, 1080, 'No', 'Yes', 'No', 1, 3, 2, 256, '0', 'SSD', 'No', 1, 3),
	(141, 3, 'Aspire 5', 'Notebook', 17, 3, 3, 3, 655, 'Full HD', 1920, 1080, 'No', 'Yes', 'No', 1, 3, 19, 1024, '0', 'HDD', 'No', 3, 32),
	(142, 6, 'ThinkPad E480', 'Notebook', 14, 1, 3, 2, 1116, 'Full HD', 1920, 1080, 'No', 'Yes', 'No', 1, 2, 6, 256, '0', 'SSD', 'No', 2, 38),
	(143, 6, 'Legion Y520-15IKBN', 'Gaming', 16, 1, 2, 2, 869, 'Full HD', 1920, 1080, 'No', 'Yes', 'No', 1, 3, 20, 256, '0', 'SSD', 'No', 3, 39),
	(144, 10, 'Satellite Pro', 'Notebook', 16, 3, 3, 2, 602, 'Standard', 1366, 768, 'No', 'No', 'No', 1, 2, 28, 500, '0', 'HDD', 'No', 1, 10),
	(145, 2, '255 G6', 'Notebook', 16, 3, 3, 2, 369, 'Standard', 1366, 768, 'No', 'No', 'No', 2, 3, 17, 256, '0', 'SSD', 'No', 2, 28),
	(146, 4, 'ZenBook UX430UA', 'Ultrabook', 14, 1, 3, 1, 1099, 'Full HD', 1920, 1080, 'No', 'No', 'No', 1, 2, 5, 256, '0', 'SSD', 'No', 1, 9),
	(147, 2, 'EliteBook Folio', 'Ultrabook', 13, 1, 3, 1, 2014, '4K Ultra HD', 3840, 2160, 'Yes', 'Yes', 'No', 1, 1, 29, 512, '0', 'SSD', 'No', 1, 40),
	(148, 4, 'X541NA (N3350/4GB/1TB/FHD/W10)', 'Notebook', 16, 3, 3, 2, 344, 'Full HD', 1920, 1080, 'No', 'No', 'No', 1, 1, 18, 1024, '0', 'HDD', 'No', 1, 22),
	(149, 8, 'GE72MVR 7RG', 'Gaming', 17, 2, 3, 3, 2029, 'Full HD', 1920, 1080, 'No', 'No', 'No', 1, 3, 20, 256, '1024', 'SSD', 'HDD', 3, 30),
	(150, 3, 'Aspire A315-51', 'Notebook', 16, 3, 3, 2, 447, 'Standard', 1366, 768, 'No', 'No', 'No', 1, 2, 7, 1024, '0', 'HDD', 'No', 1, 10),
	(151, 5, 'Inspiron 5577', 'Gaming', 16, 2, 3, 3, 1249, 'Full HD', 1920, 1080, 'No', 'No', 'No', 1, 3, 20, 512, '0', 'SSD', 'No', 3, 17),
	(152, 5, 'Inspiron 7567', 'Gaming', 16, 1, 3, 3, 899, 'Full HD', 1920, 1080, 'No', 'No', 'No', 1, 3, 20, 1024, '0', 'Hybrid', 'No', 3, 17),
	(153, 6, 'V110-15IKB (i5-7200U/4GB/128GB/W10)', 'Notebook', 16, 3, 3, 2, 498, 'Standard', 1366, 768, 'No', 'No', 'No', 1, 3, 2, 128, '0', 'SSD', 'No', 1, 3),
	(154, 8, 'GE73VR 7RE', 'Gaming', 17, 2, 3, 3, 1890, 'Full HD', 1920, 1080, 'No', 'No', 'No', 1, 3, 20, 256, '1024', 'SSD', 'HDD', 3, 23),
	(155, 2, 'EliteBook 840', 'Ultrabook', 14, 3, 3, 1, 1082, 'Full HD', 1920, 1080, 'No', 'No', 'No', 1, 3, 30, 256, '0', 'SSD', 'No', 1, 3),
	(156, 2, '15-BS103nv (i5-8250U/6GB/256GB/Radeon', 'Notebook', 16, 6, 3, 2, 619, 'Full HD', 1920, 1080, 'No', 'No', 'No', 1, 2, 6, 256, '0', 'SSD', 'No', 2, 29),
	(157, 6, 'Yoga 520-14IKB', '2 in 1 Convertible', 14, 3, 3, 2, 629, 'Full HD', 1920, 1080, 'Yes', 'Yes', 'No', 1, 2, 10, 256, '0', 'SSD', 'No', 1, 3),
	(158, 4, 'ZenBook Flip', '2 in 1 Convertible', 13, 1, 3, 1, 1315, 'Full HD', 1920, 1080, 'Yes', 'No', 'No', 1, 2, 6, 256, '0', 'SSD', 'No', 1, 3),
	(159, 5, 'Inspiron 5579', '2 in 1 Convertible', 16, 1, 3, 2, 1049, 'Full HD', 1920, 1080, 'Yes', 'No', 'No', 1, 2, 5, 256, '0', 'SSD', 'No', 1, 9),
	(160, 10, 'Satellite Pro', 'Notebook', 16, 3, 3, 2, 447, 'Standard', 1366, 768, 'No', 'No', 'No', 1, 2, 7, 500, '0', 'HDD', 'No', 1, 10),
	(161, 4, 'X555BP-XX180T (A9-9420/4GB/1TB/Radeon', 'Notebook', 16, 3, 3, 2, 403, 'Standard', 1366, 768, 'No', 'No', 'No', 2, 3, 4, 1024, '0', 'HDD', 'No', 2, 41),
	(162, 3, 'Aspire A517-51G', 'Notebook', 17, 3, 3, 3, 805, 'Full HD', 1920, 1080, 'No', 'Yes', 'No', 1, 2, 6, 256, '0', 'SSD', 'No', 3, 8),
	(163, 5, 'Inspiron 3576', 'Notebook', 16, 1, 3, 2, 728, 'Full HD', 1920, 1080, 'No', 'No', 'No', 1, 2, 6, 256, '0', 'SSD', 'No', 2, 29),
	(164, 6, 'Legion Y520-15IKBN', 'Gaming', 16, 2, 3, 3, 1079, 'Full HD', 1920, 1080, 'No', 'Yes', 'No', 1, 3, 20, 256, '0', 'SSD', 'No', 3, 31),
	(165, 3, 'Aspire A315-31', 'Notebook', 16, 3, 3, 2, 348, 'Standard', 1366, 768, 'No', 'No', 'No', 1, 1, 18, 1024, '0', 'HDD', 'No', 1, 22),
	(166, 8, 'GE63VR 7RE', 'Gaming', 16, 2, 3, 2, 1799, 'Full HD', 1920, 1080, 'No', 'Yes', 'No', 1, 3, 20, 256, '1024', 'SSD', 'HDD', 3, 23),
	(167, 3, 'Aspire 3', 'Notebook', 16, 3, 3, 2, 364, 'Standard', 1366, 768, 'No', 'No', 'No', 1, 1, 22, 1024, '0', 'HDD', 'No', 1, 42),
	(168, 5, 'Inspiron 5577', 'Gaming', 16, 1, 3, 3, 1060, 'Full HD', 1920, 1080, 'No', 'No', 'No', 1, 3, 20, 128, '1024', 'SSD', 'HDD', 3, 17),
	(169, 3, 'Aspire A517-51G', 'Notebook', 17, 1, 3, 3, 854, 'Full HD', 1920, 1080, 'No', 'Yes', 'No', 1, 2, 6, 256, '0', 'SSD', 'No', 3, 8),
	(170, 2, 'ProBook 430', 'Notebook', 13, 3, 3, 1, 754, 'Full HD', 1920, 1080, 'No', 'Yes', 'No', 1, 2, 6, 500, '0', 'HDD', 'No', 1, 9),
	(171, 11, 'MateBook X', 'Ultrabook', 13, 1, 3, 1, 1349, 'Full HD', 2160, 1440, 'No', 'Yes', 'No', 1, 3, 2, 256, '0', 'SSD', 'No', 1, 3),
	(172, 2, '17-bs001nv (i5-7200U/6GB/2TB/Radeon', 'Notebook', 17, 6, 3, 3, 699, 'Full HD', 1920, 1080, 'No', 'Yes', 'No', 1, 3, 2, 2048, '0', 'HDD', 'No', 2, 29),
	(173, 6, 'IdeaPad 320-15AST', 'Notebook', 16, 3, 2, 2, 309, 'Standard', 1366, 768, 'No', 'No', 'No', 2, 3, 17, 500, '0', 'HDD', 'No', 2, 28),
	(174, 10, 'Satellite Pro', 'Notebook', 16, 3, 3, 2, 489, 'Standard', 1366, 768, 'No', 'No', 'No', 1, 2, 10, 500, '0', 'HDD', 'No', 1, 3),
	(175, 2, 'ProBook 470', 'Notebook', 17, 1, 3, 3, 923, 'Full HD', 1920, 1080, 'No', 'No', 'No', 1, 2, 6, 256, '0', 'SSD', 'No', 3, 20),
	(176, 5, 'Inspiron 3567', 'Notebook', 16, 1, 3, 2, 459, 'Standard', 1366, 768, 'No', 'No', 'No', 1, 2, 10, 1024, '0', 'HDD', 'No', 1, 3),
	(177, 3, 'Aspire A315-51', 'Notebook', 16, 3, 3, 2, 449, 'Standard', 1366, 768, 'No', 'No', 'No', 1, 2, 7, 128, '0', 'SSD', 'No', 1, 10),
	(178, 8, 'GT80S 6QF-074US', 'Gaming', 18, 7, 3, 4, 2799, 'Full HD', 1920, 1080, 'No', 'No', 'No', 1, 3, 31, 512, '1024', 'SSD', 'HDD', 3, 43),
	(179, 6, 'V310-15IKB (i5-7200U/8GB/1TB', 'Notebook', 16, 1, 3, 2, 813, 'Full HD', 1920, 1080, 'No', 'No', 'No', 1, 3, 2, 128, '1024', 'SSD', 'HDD', 2, 44),
	(180, 2, 'Spectre x360', '2 in 1 Convertible', 13, 1, 3, 1, 1499, '4K Ultra HD', 3840, 2160, 'Yes', 'Yes', 'No', 1, 2, 6, 256, '0', 'SSD', 'No', 1, 9),
	(181, 5, 'Inspiron 5570', 'Notebook', 16, 2, 5, 2, 1049, 'Full HD', 1920, 1080, 'No', 'No', 'No', 1, 2, 5, 256, '2048', 'SSD', 'HDD', 2, 19),
	(182, 5, 'XPS 13', 'Ultrabook', 13, 1, 3, 1, 1399, 'Full HD', 1920, 1080, 'No', 'No', 'No', 1, 2, 6, 256, '0', 'SSD', 'No', 1, 9),
	(183, 6, 'Yoga 920-13IKB', '2 in 1 Convertible', 14, 2, 3, 1, 1849, '4K Ultra HD', 3840, 2160, 'Yes', 'Yes', 'No', 1, 2, 5, 512, '0', 'SSD', 'No', 1, 9),
	(184, 10, 'Satellite Pro', 'Notebook', 16, 1, 3, 2, 793, 'Standard', 1366, 768, 'No', 'No', 'No', 1, 3, 2, 128, '0', 'SSD', 'No', 1, 3),
	(185, 12, 'Mi Notebook', 'Notebook', 16, 1, 2, 2, 1199, 'Full HD', 1920, 1080, 'No', 'Yes', 'No', 1, 2, 6, 256, '0', 'SSD', 'No', 3, 8),
	(186, 5, 'Inspiron 7773', 'Notebook', 17, 2, 3, 3, 1549, 'Full HD', 1920, 1080, 'Yes', 'No', 'No', 1, 2, 5, 512, '0', 'SSD', 'No', 3, 24),
	(187, 5, 'XPS 15', 'Notebook', 16, 2, 3, 2, 2397, '4K Ultra HD', 3840, 2160, 'Yes', 'No', 'No', 1, 3, 20, 512, '0', 'SSD', 'No', 3, 17),
	(188, 6, 'Legion Y520-15IKBN', 'Gaming', 16, 1, 2, 2, 779, 'Full HD', 1920, 1080, 'No', 'Yes', 'No', 1, 3, 12, 256, '0', 'SSD', 'No', 3, 17),
	(189, 3, 'Swift 7', 'Ultrabook', 13, 1, 3, 1, 989, 'Full HD', 1920, 1080, 'No', 'Yes', 'No', 1, 1, 32, 256, '0', 'SSD', 'No', 1, 13),
	(190, 5, 'Inspiron 5770', 'Notebook', 17, 1, 3, 3, 1085, 'Full HD', 1920, 1080, 'No', 'No', 'No', 1, 2, 5, 128, '1024', 'SSD', 'HDD', 2, 19),
	(191, 6, 'Thinkpad Yoga', '2 in 1 Convertible', 14, 2, 3, 1, 2824, 'Standard', 2560, 1440, 'Yes', 'No', 'No', 1, 3, 9, 1024, '0', 'SSD', 'No', 1, 3),
	(192, 13, 'K147 (N3350/4GB/32GB/FHD/W10)', 'Notebook', 14, 3, 3, 1, 260, 'Full HD', 1920, 1080, 'No', 'Yes', 'No', 1, 1, 18, 32, '0', 'Flash Storage', 'No', 1, 22),
	(193, 12, 'Mi Notebook', 'Ultrabook', 13, 1, 2, 1, 1000, 'Full HD', 1920, 1080, 'No', 'Yes', 'No', 1, 3, 2, 256, '0', 'SSD', 'No', 3, 8),
	(194, 6, 'IdeaPad 320-17IKBR', 'Notebook', 17, 1, 2, 3, 698, 'Standard', 1600, 900, 'No', 'No', 'No', 1, 2, 6, 256, '0', 'SSD', 'No', 3, 8),
	(195, 5, 'Inspiron 5379', '2 in 1 Convertible', 13, 1, 3, 2, 839, 'Full HD', 1920, 1080, 'Yes', 'Yes', 'No', 1, 2, 5, 1024, '0', 'HDD', 'No', 1, 9),
	(196, 2, 'ProBook 470', 'Notebook', 17, 1, 3, 3, 914, 'Full HD', 1920, 1080, 'No', 'Yes', 'No', 1, 2, 6, 1024, '0', 'HDD', 'No', 3, 20),
	(197, 14, 'Blade Pro', 'Gaming', 17, 7, 3, 3, 6099, '4K Ultra HD', 3840, 2160, 'Yes', 'No', 'No', 1, 3, 33, 1024, '0', 'SSD', 'No', 3, 45),
	(198, 2, 'ProBook 430', 'Notebook', 13, 1, 3, 1, 959, 'Full HD', 1920, 1080, 'No', 'No', 'No', 1, 2, 6, 512, '0', 'SSD', 'No', 1, 9),
	(199, 2, 'Omen 17-W295', 'Gaming', 17, 2, 3, 3, 1379, 'Full HD', 1920, 1080, 'No', 'Yes', 'No', 1, 3, 20, 256, '1024', 'SSD', 'HDD', 3, 17),
	(200, 2, 'Probook 470', 'Notebook', 17, 1, 3, 3, 1045, 'Full HD', 1920, 1080, 'No', 'No', 'No', 1, 2, 5, 256, '0', 'SSD', 'No', 3, 20),
	(201, 5, 'Inspiron 7577', 'Gaming', 16, 2, 3, 3, 1845, '4K Ultra HD', 3840, 2160, 'No', 'Yes', 'No', 1, 3, 20, 512, '1024', 'SSD', 'HDD', 3, 23),
	(202, 6, 'V110-15ISK (i5-6200U/4GB/128GB/W10)', 'Notebook', 16, 3, 3, 2, 493, 'Standard', 1366, 768, 'No', 'No', 'No', 1, 2, 28, 128, '0', 'SSD', 'No', 1, 10),
	(203, 3, 'Aspire E5-576G', 'Notebook', 16, 1, 3, 2, 742, 'Full HD', 1920, 1080, 'No', 'No', 'No', 1, 3, 9, 1024, '0', 'HDD', 'No', 3, 15),
	(204, 6, 'Legion Y720-15IKB', 'Gaming', 16, 2, 3, 3, 1749, 'Full HD', 1920, 1080, 'No', 'Yes', 'No', 1, 3, 20, 512, '1024', 'SSD', 'HDD', 3, 23),
	(205, 5, 'Precision 7520', 'Workstation', 16, 2, 3, 3, 3055, '4K Ultra HD', 3840, 2160, 'No', 'No', 'No', 1, 3, 34, 256, '1024', 'SSD', 'HDD', 3, 46),
	(206, 6, 'Legion Y520-15IKBN', 'Gaming', 16, 2, 2, 2, 1398, 'Full HD', 1920, 1080, 'No', 'No', 'No', 1, 3, 20, 512, '0', 'SSD', 'No', 3, 23),
	(207, 5, 'Inspiron 3567', 'Notebook', 16, 6, 3, 2, 439, 'Standard', 1366, 768, 'Yes', 'No', 'No', 1, 2, 10, 1024, '0', 'HDD', 'No', 1, 3),
	(208, 5, 'XPS 13', 'Ultrabook', 13, 1, 3, 1, 1949, '4K Ultra HD', 3840, 2160, 'Yes', 'Yes', 'No', 1, 2, 5, 256, '0', 'SSD', 'No', 1, 9),
	(209, 5, 'XPS 13', 'Ultrabook', 13, 1, 3, 1, 1449, 'Full HD', 1920, 1080, 'No', 'No', 'No', 1, 2, 5, 256, '0', 'SSD', 'No', 1, 9),
	(210, 6, 'IdeaPad 320-15IKBN', 'Notebook', 16, 1, 3, 2, 597, 'Standard', 1366, 768, 'No', 'No', 'No', 1, 3, 2, 256, '0', 'SSD', 'No', 1, 3),
	(211, 3, 'Aspire 7', 'Notebook', 16, 1, 5, 2, 779, 'Full HD', 1920, 1080, 'No', 'No', 'No', 1, 3, 20, 1024, '0', 'HDD', 'No', 3, 17),
	(212, 4, 'ROG GL703VD-GC028T', 'Gaming', 17, 2, 3, 3, 1407, 'Full HD', 1920, 1080, 'No', 'No', 'No', 1, 3, 20, 256, '1024', 'SSD', 'HDD', 3, 17),
	(213, 2, '15-bs018nq (i3-6006U/4GB/500GB/FHD/No', 'Notebook', 16, 3, 2, 2, 349, 'Full HD', 1920, 1080, 'No', 'No', 'No', 1, 2, 7, 500, '0', 'HDD', 'No', 1, 10),
	(214, 6, 'IdeaPad 320-15IKBN', 'Notebook', 16, 1, 2, 2, 549, 'Full HD', 1920, 1080, 'No', 'No', 'No', 1, 3, 2, 256, '0', 'SSD', 'No', 1, 3),
	(215, 11, 'MateBook X', 'Ultrabook', 13, 1, 3, 1, 1499, 'Full HD', 2160, 1440, 'No', 'Yes', 'No', 1, 3, 9, 512, '0', 'SSD', 'No', 1, 3),
	(216, 5, 'Inspiron 5370', 'Ultrabook', 13, 1, 3, 1, 932, 'Full HD', 1920, 1080, 'No', 'Yes', 'No', 1, 2, 5, 256, '0', 'SSD', 'No', 2, 19),
	(217, 6, 'IdeaPad 320-17IKB', 'Notebook', 17, 1, 2, 3, 589, 'Standard', 1600, 900, 'No', 'No', 'No', 1, 3, 2, 1024, '0', 'HDD', 'No', 3, 34),
	(218, 2, 'Probook 440', 'Notebook', 14, 1, 3, 2, 1031, 'Full HD', 1920, 1080, 'No', 'No', 'No', 1, 2, 5, 256, '0', 'SSD', 'No', 3, 20),
	(219, 5, 'Latitude 5490', 'Ultrabook', 14, 1, 3, 2, 1149, 'Full HD', 1920, 1080, 'No', 'No', 'No', 1, 2, 6, 256, '0', 'SSD', 'No', 1, 9),
	(220, 5, 'Inspiron 5379', '2 in 1 Convertible', 13, 2, 3, 2, 1279, 'Full HD', 1920, 1080, 'Yes', 'No', 'No', 1, 2, 5, 512, '0', 'SSD', 'No', 1, 9),
	(221, 5, 'Inspiron 3576', 'Notebook', 16, 1, 5, 2, 677, 'Full HD', 1920, 1080, 'No', 'No', 'No', 1, 2, 6, 256, '0', 'SSD', 'No', 2, 29),
	(222, 6, 'Yoga 520-14IKB', '2 in 1 Convertible', 14, 1, 3, 2, 899, 'Full HD', 1920, 1080, 'No', 'Yes', 'No', 1, 2, 6, 256, '0', 'SSD', 'No', 1, 9),
	(223, 10, 'Portege Z30-C-16L', 'Ultrabook', 13, 1, 3, 1, 1363, 'Full HD', 1920, 1080, 'No', 'No', 'No', 1, 3, 35, 256, '0', 'SSD', 'No', 1, 10),
	(224, 2, 'ProBook 450', 'Notebook', 16, 1, 3, 2, 794, 'Full HD', 1920, 1080, 'No', 'No', 'No', 1, 2, 6, 1024, '0', 'HDD', 'No', 1, 9),
	(225, 5, 'Alienware 17', 'Gaming', 17, 2, 3, 4, 2456, 'Full HD', 1920, 1080, 'No', 'Yes', 'No', 1, 3, 20, 256, '1024', 'SSD', 'HDD', 3, 23),
	(226, 3, 'Aspire E5-576G', 'Notebook', 16, 1, 3, 2, 832, 'Full HD', 1920, 1080, 'No', 'No', 'No', 1, 3, 9, 256, '0', 'SSD', 'No', 3, 15),
	(227, 5, 'Inspiron 5567', 'Notebook', 16, 2, 3, 2, 859, 'Full HD', 1920, 1080, 'Yes', 'No', 'No', 1, 3, 9, 1024, '0', 'HDD', 'No', 2, 37),
	(228, 4, 'Vivobook X541UV-DM1217T', 'Notebook', 16, 1, 3, 2, 769, 'Full HD', 1920, 1080, 'No', 'No', 'No', 1, 3, 2, 256, '0', 'SSD', 'No', 3, 27),
	(229, 4, 'K756UX-T4340T (i5-7200U/8GB/500GB', 'Notebook', 17, 1, 3, 3, 891, 'Full HD', 1920, 1080, 'No', 'No', 'No', 1, 3, 2, 256, '500', 'SSD', 'HDD', 3, 47),
	(230, 2, 'ZBook 15u', 'Notebook', 16, 1, 3, 2, 1269, 'Full HD', 1920, 1080, 'No', 'No', 'No', 1, 3, 9, 1024, '0', 'HDD', 'No', 2, 48),
	(231, 4, 'Pro P2540UA-XO0198T', 'Notebook', 16, 3, 3, 2, 399, 'Standard', 1366, 768, 'No', 'No', 'No', 1, 2, 10, 1024, '0', 'HDD', 'No', 1, 3),
	(232, 2, '15-rb013nv (E2-9000e/4GB/500GB/W10)', 'Notebook', 16, 3, 3, 2, 330, 'Standard', 1366, 768, 'No', 'No', 'No', 2, 2, 36, 500, '0', 'HDD', 'No', 2, 18),
	(233, 6, 'Legion Y720-15IKB', 'Gaming', 16, 2, 3, 3, 1499, 'Full HD', 1920, 1080, 'No', 'Yes', 'No', 1, 3, 20, 256, '1024', 'SSD', 'HDD', 3, 23),
	(234, 5, 'Vostro 5468', 'Notebook', 14, 1, 3, 2, 859, 'Full HD', 1920, 1080, 'No', 'No', 'No', 1, 3, 2, 256, '0', 'SSD', 'No', 1, 3),
	(235, 3, 'Aspire R7', '2 in 1 Convertible', 13, 1, 3, 2, 689, 'Full HD', 1920, 1080, 'Yes', 'Yes', 'No', 1, 2, 28, 256, '0', 'SSD', 'No', 1, 10),
	(236, 5, 'Inspiron 5567', 'Notebook', 16, 2, 5, 2, 899, 'Full HD', 1920, 1080, 'No', 'No', 'No', 1, 3, 9, 256, '0', 'SSD', 'No', 2, 37),
	(237, 3, 'Aspire A315-51', 'Notebook', 16, 3, 5, 2, 390, 'Standard', 1366, 768, 'No', 'No', 'No', 1, 2, 7, 1024, '0', 'HDD', 'No', 1, 10),
	(238, 4, 'X555QG-DM242T (A10-9620P/4GB/1TB', 'Notebook', 16, 3, 3, 2, 575, 'Full HD', 1920, 1080, 'No', 'No', 'No', 2, 3, 37, 128, '1024', 'SSD', 'HDD', 2, 12),
	(239, 4, 'ROG G703VI-E5062T', 'Gaming', 17, 7, 3, 5, 3890, 'Full HD', 1920, 1080, 'No', 'No', 'No', 1, 3, 33, 512, '1024', 'SSD', 'HDD', 3, 45),
	(240, 3, 'Nitro AN515-51', 'Gaming', 16, 1, 3, 3, 846, 'Full HD', 1920, 1080, 'No', 'Yes', 'No', 1, 3, 12, 256, '0', 'SSD', 'No', 3, 17),
	(241, 6, 'IdeaPad 320-15ISK', 'Notebook', 16, 1, 3, 2, 589, 'Standard', 1366, 768, 'No', 'No', 'No', 1, 2, 7, 128, '0', 'SSD', 'No', 1, 10),
	(242, 4, 'VivoBook Pro', 'Notebook', 17, 1, 3, 2, 1145, 'Full HD', 1920, 1080, 'No', 'No', 'No', 1, 2, 5, 128, '1024', 'SSD', 'HDD', 3, 24),
	(243, 4, 'F756UX-T4201D (i7-7500U/8GB/128GB', 'Notebook', 17, 1, 2, 3, 889, 'Full HD', 1920, 1080, 'No', 'No', 'No', 1, 3, 9, 128, '1024', 'SSD', 'HDD', 3, 47),
	(244, 5, 'Inspiron 5577', 'Gaming', 16, 1, 3, 3, 879, 'Full HD', 1920, 1080, 'No', 'No', 'No', 1, 3, 12, 256, '0', 'SSD', 'No', 3, 17),
	(245, 6, 'Yoga 910-13IKB', '2 in 1 Convertible', 14, 1, 3, 1, 1079, 'Full HD', 1920, 1080, 'Yes', 'Yes', 'No', 1, 3, 9, 256, '0', 'SSD', 'No', 1, 3),
	(246, 5, 'Inspiron 5570', 'Notebook', 16, 1, 3, 2, 985, 'Full HD', 1920, 1080, 'No', 'No', 'No', 1, 2, 5, 128, '2048', 'SSD', 'HDD', 2, 19),
	(247, 2, '15-bs015dx (i5-7200U/8GB/1TB/W10)', 'Notebook', 16, 1, 3, 2, 559, 'Standard', 1366, 768, 'Yes', 'No', 'No', 1, 3, 2, 1024, '0', 'HDD', 'No', 1, 3),
	(248, 4, 'Rog G701VIK-BA060T', 'Gaming', 17, 2, 3, 4, 2999, 'Full HD', 1920, 1080, 'No', 'No', 'No', 1, 3, 33, 256, '0', 'SSD', 'No', 3, 45),
	(249, 2, 'ProBook 430', 'Notebook', 13, 3, 3, 1, 675, 'Full HD', 1920, 1080, 'No', 'Yes', 'No', 1, 2, 6, 500, '0', 'HDD', 'No', 1, 9),
	(250, 1, 'MacBook Pro', 'Ultrabook', 13, 1, 1, 1, 2040, 'Standard', 2560, 1600, 'No', 'Yes', 'Yes', 1, 3, 1, 512, '0', 'SSD', 'No', 1, 5),
	(251, 5, 'Inspiron 5579', '2 in 1 Convertible', 16, 1, 3, 2, 819, 'Full HD', 1920, 1080, 'Yes', 'Yes', 'No', 1, 2, 5, 1024, '0', 'HDD', 'No', 1, 9),
	(252, 4, 'ROG G752VSK-GC493T', 'Gaming', 17, 2, 3, 4, 1799, 'Full HD', 1920, 1080, 'No', 'No', 'No', 1, 3, 20, 256, '1024', 'SSD', 'HDD', 3, 49),
	(253, 4, 'X505BP-BR019T (A9-9420/4GB/1TB/Radeon', 'Notebook', 16, 3, 3, 2, 469, 'Standard', 1366, 768, 'No', 'No', 'No', 2, 3, 4, 1024, '0', 'HDD', 'No', 2, 41),
	(254, 6, 'Yoga 920-13IKB', '2 in 1 Convertible', 14, 1, 3, 1, 1849, 'Full HD', 1920, 1080, 'Yes', 'Yes', 'No', 1, 2, 5, 512, '0', 'SSD', 'No', 1, 9),
	(255, 3, 'Aspire 5', 'Notebook', 17, 3, 3, 3, 702, 'Full HD', 1920, 1080, 'No', 'Yes', 'No', 1, 3, 19, 256, '0', 'SSD', 'No', 3, 32),
	(256, 5, 'Vostro 5370', 'Ultrabook', 13, 1, 3, 1, 949, 'Full HD', 1920, 1080, 'No', 'No', 'No', 1, 2, 6, 256, '0', 'SSD', 'No', 1, 9),
	(257, 2, '15-BW094nd (A6-9220/8GB/128GB/W10)', 'Notebook', 16, 1, 3, 2, 446, 'Standard', 1366, 768, 'No', 'No', 'No', 2, 3, 38, 128, '0', 'SSD', 'No', 2, 28),
	(258, 2, 'Envy 17-U275cl', 'Notebook', 17, 2, 3, 3, 1059, 'Full HD', 1920, 1080, 'No', 'Yes', 'No', 1, 2, 5, 1024, '0', 'HDD', 'No', 3, 8),
	(259, 8, 'GT73EVR 7RE', 'Gaming', 17, 2, 3, 4, 2499, 'Full HD', 1920, 1080, 'No', 'No', 'No', 1, 3, 20, 512, '1024', 'SSD', 'HDD', 3, 30),
	(260, 6, 'Yoga 720-15IKB', '2 in 1 Convertible', 16, 1, 3, 2, 1699, 'Full HD', 1920, 1080, 'Yes', 'Yes', 'No', 1, 3, 20, 512, '0', 'SSD', 'No', 3, 39),
	(261, 5, 'Inspiron 5770', 'Notebook', 17, 1, 3, 3, 1142, 'Full HD', 1920, 1080, 'No', 'No', 'No', 1, 2, 5, 128, '1024', 'SSD', 'HDD', 2, 19),
	(262, 6, 'IdeaPad 320-15ISK', 'Notebook', 16, 3, 2, 2, 444, 'Full HD', 1920, 1080, 'No', 'No', 'No', 1, 2, 7, 256, '0', 'SSD', 'No', 1, 10),
	(263, 2, 'ProBook 450', 'Notebook', 16, 3, 3, 2, 722, 'Full HD', 1920, 1080, 'No', 'Yes', 'No', 1, 2, 6, 500, '0', 'HDD', 'No', 1, 3),
	(264, 5, 'Vostro 3568', 'Notebook', 16, 3, 3, 2, 657, 'Full HD', 1920, 1080, 'No', 'No', 'No', 1, 3, 2, 1024, '0', 'HDD', 'No', 1, 3),
	(265, 5, 'Inspiron 3567', 'Notebook', 16, 1, 3, 2, 565, 'Full HD', 1920, 1080, 'No', 'No', 'No', 1, 3, 2, 1024, '0', 'HDD', 'No', 2, 12),
	(266, 5, 'Inspiron 5579', '2 in 1 Convertible', 16, 1, 3, 3, 799, 'Full HD', 1920, 1080, 'Yes', 'No', 'No', 1, 2, 6, 256, '0', 'SSD', 'No', 1, 9),
	(267, 4, 'ZenBook Flip', '2 in 1 Convertible', 13, 1, 3, 1, 1499, 'Full HD', 1920, 1080, 'Yes', 'No', 'No', 1, 2, 5, 512, '512', 'SSD', 'SSD', 1, 9),
	(268, 6, 'IdeaPad 320-15IKBN', 'Notebook', 16, 3, 2, 2, 467, 'Full HD', 1920, 1080, 'No', 'No', 'No', 1, 3, 2, 1024, '0', 'HDD', 'No', 1, 3),
	(269, 2, 'Probook 470', 'Notebook', 17, 1, 3, 3, 1018, 'Full HD', 1920, 1080, 'No', 'No', 'No', 1, 2, 5, 1024, '0', 'HDD', 'No', 3, 20),
	(270, 6, 'V330-15IKB (i7-8550U/8GB/256GB/FHD/W10)', 'Notebook', 16, 1, 3, 2, 880, 'Full HD', 1920, 1080, 'No', 'No', 'No', 1, 2, 5, 256, '0', 'SSD', 'No', 1, 9),
	(271, 1, 'MacBook Pro', 'Ultrabook', 13, 1, 1, 1, 1959, 'Standard', 2560, 1600, 'No', 'Yes', 'Yes', 1, 3, 1, 512, '0', 'SSD', 'No', 1, 50),
	(272, 4, 'Rog Strix', 'Gaming', 17, 2, 3, 3, 1549, 'Full HD', 1920, 1080, 'No', 'No', 'No', 2, 3, 21, 256, '1024', 'SSD', 'HDD', 2, 26),
	(273, 5, 'Inspiron 3576', 'Notebook', 16, 1, 5, 2, 735, 'Full HD', 1920, 1080, 'No', 'No', 'No', 1, 2, 5, 256, '0', 'SSD', 'No', 2, 29),
	(274, 6, 'ThinkPad X1', '2 in 1 Convertible', 14, 2, 3, 1, 2499, 'Standard', 2560, 1440, 'Yes', 'No', 'No', 1, 3, 39, 512, '0', 'SSD', 'No', 1, 10),
	(275, 10, 'Satellite Pro', 'Notebook', 16, 1, 3, 2, 812, 'Standard', 1366, 768, 'No', 'No', 'No', 1, 3, 35, 500, '0', 'HDD', 'No', 3, 51),
	(276, 5, 'Inspiron 5567', 'Notebook', 16, 5, 3, 2, 713, 'Standard', 1366, 768, 'No', 'No', 'No', 1, 3, 9, 1024, '0', 'HDD', 'No', 1, 3),
	(277, 5, 'Inspiron 5770', 'Notebook', 17, 1, 5, 3, 1099, 'Full HD', 1920, 1080, 'No', 'No', 'No', 1, 2, 5, 128, '1024', 'SSD', 'HDD', 2, 19),
	(278, 3, 'Aspire A515-51G', 'Notebook', 16, 1, 3, 2, 745, 'Full HD', 1920, 1080, 'No', 'Yes', 'No', 1, 2, 5, 1024, '0', 'HDD', 'No', 3, 32),
	(279, 6, 'IdeaPad 320-17ISK', 'Notebook', 17, 3, 3, 3, 489, 'Standard', 1600, 900, 'No', 'No', 'No', 1, 2, 7, 1024, '0', 'HDD', 'No', 1, 10),
	(280, 6, 'IdeaPad 320-17IKBR', 'Notebook', 17, 1, 2, 3, 849, 'Full HD', 1920, 1080, 'No', 'No', 'No', 1, 2, 5, 2048, '0', 'HDD', 'No', 3, 8),
	(281, 6, 'IdeaPad 320-17IKB', 'Notebook', 17, 6, 3, 3, 859, 'Standard', 1600, 900, 'No', 'No', 'No', 1, 3, 9, 128, '1024', 'SSD', 'HDD', 3, 15),
	(282, 5, 'Inspiron 3567', 'Notebook', 16, 3, 5, 2, 428, 'Full HD', 1920, 1080, 'No', 'No', 'No', 1, 2, 7, 1024, '0', 'HDD', 'No', 2, 12),
	(283, 6, 'Legion Y520-15IKBN', 'Gaming', 16, 1, 3, 3, 829, 'Full HD', 1920, 1080, 'No', 'Yes', 'No', 1, 3, 12, 256, '0', 'SSD', 'No', 3, 17),
	(284, 6, 'Ideapad 320-15IKBN', 'Notebook', 16, 6, 3, 2, 579, 'Full HD', 1920, 1080, 'No', 'No', 'No', 1, 3, 2, 256, '0', 'SSD', 'No', 1, 3),
	(285, 3, 'Aspire A517-51G', 'Notebook', 16, 1, 3, 3, 951, 'Full HD', 1920, 1080, 'No', 'Yes', 'No', 1, 2, 5, 256, '0', 'SSD', 'No', 3, 8),
	(286, 3, 'SP315-51 (i7-7500U/12GB/1TB/FHD/W10)', 'Notebook', 16, 5, 3, 2, 659, 'Full HD', 1920, 1080, 'Yes', 'Yes', 'No', 1, 3, 9, 1024, '0', 'HDD', 'No', 1, 3),
	(287, 6, 'Thinkpad T570', 'Notebook', 16, 1, 3, 2, 1097, 'Full HD', 1920, 1080, 'No', 'Yes', 'No', 1, 3, 9, 256, '0', 'SSD', 'No', 1, 52),
	(288, 4, 'VivoBook S15', 'Ultrabook', 16, 1, 3, 2, 977, 'Full HD', 1920, 1080, 'No', 'No', 'No', 1, 3, 2, 256, '0', 'SSD', 'No', 3, 15),
	(289, 6, 'Legion Y520-15IKBN', 'Gaming', 16, 2, 3, 3, 1179, 'Full HD', 1920, 1080, 'No', 'Yes', 'No', 1, 3, 20, 256, '1024', 'SSD', 'HDD', 3, 31),
	(290, 6, 'IdeaPad 320-15IKB', 'Notebook', 16, 1, 2, 2, 659, 'Full HD', 1920, 1080, 'No', 'No', 'No', 1, 3, 9, 1024, '0', 'HDD', 'No', 3, 15),
	(291, 3, 'Chromebook C910-C2ST', 'Notebook', 16, 4, 8, 2, 199, 'Standard', 1366, 768, 'No', 'No', 'No', 1, 2, 40, 16, '0', 'SSD', 'No', 1, 21),
	(292, 4, 'FX753VD-GC071T (i7-7700HQ/8GB/1TB/GeForce', 'Gaming', 17, 1, 3, 3, 1187, 'Full HD', 1920, 1080, 'No', 'No', 'No', 1, 3, 20, 1024, '0', 'HDD', 'No', 3, 17),
	(293, 2, '17-BS037cl (i3-6006U/8GB/1TB/W10)', 'Notebook', 17, 1, 3, 3, 489, 'Standard', 1600, 900, 'No', 'No', 'No', 1, 2, 7, 1024, '0', 'HDD', 'No', 1, 10),
	(294, 5, 'XPS 15', 'Notebook', 16, 1, 3, 2, 1829, 'Full HD', 1920, 1080, 'No', 'No', 'No', 1, 3, 20, 256, '0', 'SSD', 'No', 3, 17),
	(295, 6, 'V330-15IKB (i5-8250U/8GB/256GB/FHD/W10)', 'Notebook', 16, 1, 3, 2, 739, 'Full HD', 1920, 1080, 'No', 'No', 'No', 1, 2, 6, 256, '0', 'SSD', 'No', 1, 9),
	(296, 6, 'Legion Y720-15IKB', 'Gaming', 16, 1, 3, 3, 1299, 'Full HD', 1920, 1080, 'No', 'Yes', 'No', 1, 3, 20, 1024, '0', 'HDD', 'No', 3, 23),
	(297, 3, 'Aspire A715-71G', 'Notebook', 16, 1, 5, 3, 979, 'Full HD', 1920, 1080, 'No', 'No', 'No', 1, 3, 20, 256, '0', 'SSD', 'No', 3, 31),
	(298, 5, 'Precision 7720', 'Workstation', 17, 2, 3, 3, 2885, 'Full HD', 1920, 1080, 'No', 'No', 'No', 1, 3, 41, 256, '0', 'SSD', 'No', 3, 46),
	(299, 6, 'IdeaPad 310-15ABR', 'Notebook', 16, 6, 3, 2, 499, 'Full HD', 1920, 1080, 'No', 'No', 'No', 2, 2, 42, 1024, '0', 'HDD', 'No', 2, 53),
	(300, 4, 'ZenBook UX530UQ-PRO', 'Ultrabook', 16, 2, 3, 2, 1468, 'Full HD', 1920, 1080, 'No', 'No', 'No', 1, 3, 9, 512, '0', 'SSD', 'No', 3, 15),
	(301, 4, 'VivoBook S14', 'Notebook', 14, 3, 3, 1, 509, 'Standard', 1366, 768, 'No', 'No', 'No', 1, 2, 10, 128, '0', 'SSD', 'No', 1, 3),
	(302, 4, 'Rog GL702VS-GC095T', 'Gaming', 17, 2, 3, 3, 2122, 'Full HD', 1920, 1080, 'No', 'No', 'No', 1, 3, 20, 256, '1024', 'SSD', 'HDD', 3, 30),
	(303, 6, 'IdeaPad 320-17IKB', 'Notebook', 17, 6, 3, 3, 649, 'Standard', 1600, 900, 'No', 'No', 'No', 1, 3, 2, 1024, '0', 'HDD', 'No', 3, 54),
	(304, 6, 'IdeaPad 320-15IKBN', 'Notebook', 16, 1, 2, 2, 549, 'Standard', 1366, 768, 'No', 'No', 'No', 1, 3, 2, 2048, '0', 'HDD', 'No', 3, 15),
	(305, 4, 'GL553VE-FY082T (i7-7700HQ/8GB/1TB', 'Gaming', 16, 1, 3, 3, 1265, 'Full HD', 1920, 1080, 'No', 'No', 'No', 1, 3, 20, 128, '1024', 'SSD', 'HDD', 3, 31),
	(306, 6, 'IdeaPad 320-15IAP', 'Notebook', 16, 3, 2, 2, 360, 'Standard', 1366, 768, 'No', 'No', 'No', 1, 1, 22, 1024, '0', 'HDD', 'No', 1, 42),
	(307, 2, 'EliteBook x360', '2 in 1 Convertible', 13, 2, 3, 1, 1975, 'Full HD', 1920, 1080, 'Yes', 'No', 'No', 1, 3, 43, 256, '0', 'SSD', 'No', 1, 3),
	(308, 10, 'Satellite Pro', 'Notebook', 16, 1, 3, 2, 1043, 'Full HD', 1920, 1080, 'No', 'Yes', 'No', 1, 3, 35, 256, '0', 'SSD', 'No', 3, 51),
	(309, 6, 'IdeaPad 320-15IKB', 'Notebook', 16, 1, 3, 2, 819, 'Full HD', 1920, 1080, 'No', 'No', 'No', 1, 3, 2, 128, '1024', 'SSD', 'HDD', 3, 15),
	(310, 2, '250 G6', 'Notebook', 16, 3, 3, 2, 469, 'Full HD', 1920, 1080, 'No', 'No', 'No', 1, 2, 7, 1024, '0', 'HDD', 'No', 1, 10),
	(311, 6, 'IdeaPad 720S-13IKB', 'Notebook', 13, 1, 3, 1, 999, 'Full HD', 1920, 1080, 'No', 'Yes', 'No', 1, 3, 2, 256, '0', 'SSD', 'No', 1, 3),
	(312, 5, 'XPS 13', 'Ultrabook', 13, 2, 3, 1, 2499, '4K Ultra HD', 3840, 2160, 'Yes', 'Yes', 'No', 1, 2, 5, 1024, '0', 'SSD', 'No', 1, 9),
	(313, 8, 'GE63VR 7RF', 'Gaming', 16, 2, 3, 3, 2099, 'Full HD', 1920, 1080, 'No', 'Yes', 'No', 1, 3, 20, 256, '1024', 'SSD', 'HDD', 3, 30),
	(314, 3, 'ES1-523-84K7 (A8-7410/8GB/256GB/FHD/W10)', 'Notebook', 16, 1, 3, 2, 469, 'Full HD', 1920, 1080, 'No', 'No', 'No', 2, 2, 44, 256, '0', 'SSD', 'No', 2, 6),
	(315, 4, 'VivoBook Flip', '2 in 1 Convertible', 12, 4, 3, 1, 275, 'Standard', 1366, 768, 'Yes', 'No', 'No', 1, 1, 18, 32, '0', 'Flash Storage', 'No', 1, 22),
	(316, 5, 'Inspiron 5570', 'Notebook', 16, 1, 3, 2, 844, 'Full HD', 1920, 1080, 'No', 'No', 'No', 1, 2, 6, 128, '1024', 'SSD', 'HDD', 2, 19),
	(317, 2, 'Spectre x360', '2 in 1 Convertible', 13, 2, 3, 1, 2449, '4K Ultra HD', 3840, 2160, 'Yes', 'Yes', 'No', 1, 2, 5, 1024, '0', 'SSD', 'No', 1, 9),
	(318, 6, 'ThinkPad 13', 'Notebook', 13, 3, 8, 1, 460, 'Standard', 1366, 768, 'No', 'No', 'No', 1, 2, 45, 16, '0', 'Flash Storage', 'No', 1, 55),
	(319, 2, 'ProBook 640', 'Notebook', 14, 1, 3, 2, 980, 'Full HD', 1920, 1080, 'No', 'No', 'No', 1, 3, 2, 256, '0', 'SSD', 'No', 1, 3),
	(320, 3, 'TravelMate B', 'Notebook', 12, 3, 3, 1, 485, 'Standard', 1366, 768, 'No', 'No', 'No', 1, 2, 46, 128, '0', 'Flash Storage', 'No', 1, 56),
	(321, 2, 'Elitebook 840', 'Notebook', 14, 1, 3, 1, 1292, 'Full HD', 1920, 1080, 'No', 'No', 'No', 1, 3, 9, 256, '0', 'SSD', 'No', 1, 3),
	(322, 6, 'IdeaPad 320-17IKB', 'Notebook', 17, 3, 3, 3, 589, 'Standard', 1600, 900, 'No', 'No', 'No', 1, 3, 2, 1024, '0', 'HDD', 'No', 3, 27),
	(323, 4, 'ZenBook UX410UA-GV183T', 'Notebook', 14, 1, 3, 2, 1094, 'Full HD', 1920, 1080, 'No', 'No', 'No', 1, 3, 9, 256, '0', 'SSD', 'No', 1, 3),
	(324, 2, 'ProBook 450', 'Notebook', 16, 1, 3, 2, 902, 'Full HD', 1366, 768, 'No', 'Yes', 'No', 1, 2, 5, 1024, '0', 'HDD', 'No', 1, 9),
	(325, 3, 'Aspire 5', 'Notebook', 16, 1, 3, 2, 659, 'Standard', 1366, 768, 'No', 'No', 'No', 2, 3, 47, 256, '0', 'SSD', 'No', 2, 57),
	(326, 6, 'IdeaPad 120S-14IAP', 'Notebook', 14, 3, 3, 1, 292, 'Standard', 1366, 768, 'No', 'No', 'No', 1, 1, 18, 32, '0', 'Flash Storage', 'No', 1, 22),
	(327, 3, 'Aspire E5-575', 'Notebook', 16, 6, 3, 2, 549, 'Standard', 1366, 768, 'No', 'No', 'No', 1, 3, 2, 1024, '0', 'HDD', 'No', 1, 3),
	(328, 4, 'VivoBook S15', 'Ultrabook', 16, 1, 3, 2, 1050, 'Full HD', 1920, 1080, 'No', 'No', 'No', 1, 3, 9, 256, '0', 'SSD', 'No', 3, 15),
	(329, 2, 'Elitebook 820', 'Ultrabook', 13, 1, 3, 1, 1335, 'Full HD', 1920, 1080, 'No', 'No', 'No', 1, 3, 9, 256, '0', 'SSD', 'No', 1, 3),
	(330, 5, 'XPS 15', 'Notebook', 16, 7, 3, 2, 2639, '4K Ultra HD', 3840, 2160, 'Yes', 'No', 'No', 1, 3, 20, 1024, '0', 'SSD', 'No', 3, 17),
	(331, 8, 'GL72M 7REX', 'Gaming', 17, 1, 3, 3, 1199, 'Full HD', 1920, 1080, 'No', 'No', 'No', 1, 3, 20, 256, '1024', 'SSD', 'HDD', 3, 31),
	(332, 10, 'Satellite Pro', 'Notebook', 16, 1, 3, 2, 943, 'Full HD', 1920, 1080, 'No', 'Yes', 'No', 1, 3, 2, 256, '0', 'SSD', 'No', 1, 3),
	(333, 4, 'UX510UX-CN269T (i7-7500U/8GB/256GB', 'Notebook', 14, 1, 3, 2, 1334, 'Full HD', 1920, 1080, 'No', 'No', 'No', 1, 3, 9, 256, '1024', 'SSD', 'HDD', 1, 3),
	(334, 6, 'V310-15ISK (i3-6006U/4GB/1TB/FHD/W10)', 'Notebook', 16, 3, 3, 2, 449, 'Full HD', 1920, 1080, 'No', 'No', 'No', 1, 2, 7, 1024, '0', 'HDD', 'No', 1, 10),
	(335, 4, 'FX553VD-FY647T (i7-7700HQ/8GB/256GB/GeForce', 'Gaming', 16, 1, 3, 3, 999, 'Full HD', 1920, 1080, 'No', 'No', 'No', 1, 3, 20, 256, '0', 'SSD', 'No', 3, 17),
	(336, 2, 'EliteBook 840', 'Notebook', 14, 1, 3, 1, 1268, 'Full HD', 1920, 1080, 'No', 'No', 'No', 1, 3, 48, 256, '0', 'SSD', 'No', 1, 3),
	(337, 5, 'Inspiron 7570', 'Ultrabook', 16, 1, 3, 2, 1049, 'Full HD', 1920, 1080, 'No', 'Yes', 'No', 1, 2, 6, 128, '1024', 'SSD', 'HDD', 3, 15),
	(338, 2, 'Elitebook 850', 'Notebook', 16, 1, 3, 2, 1144, 'Full HD', 1920, 1080, 'No', 'No', 'No', 1, 3, 2, 256, '0', 'SSD', 'No', 1, 3),
	(339, 4, 'X541NA (N3350/4GB/1TB/Linux)', 'Notebook', 16, 3, 5, 2, 275, 'Standard', 1366, 768, 'No', 'No', 'No', 1, 1, 18, 1024, '0', 'HDD', 'No', 1, 22),
	(340, 5, 'Inspiron 7570', 'Notebook', 16, 1, 3, 2, 1143, 'Full HD', 1920, 1080, 'No', 'No', 'No', 1, 2, 6, 256, '0', 'SSD', 'No', 3, 15),
	(341, 5, 'Inspiron 3552', 'Notebook', 16, 3, 5, 2, 275, 'Standard', 1366, 768, 'No', 'No', 'No', 1, 2, 24, 500, '0', 'HDD', 'No', 1, 21),
	(342, 6, 'IdeaPad 320-15ABR', 'Notebook', 16, 5, 3, 2, 899, 'Full HD', 1920, 1080, 'No', 'No', 'No', 2, 4, 47, 2048, '0', 'HDD', 'No', 2, 19),
	(343, 2, 'ProBook 450', 'Notebook', 16, 1, 3, 2, 716, 'Full HD', 1920, 1080, 'No', 'Yes', 'No', 1, 2, 10, 1024, '0', 'HDD', 'No', 3, 20),
	(344, 6, 'Yoga 920-13IKB', '2 in 1 Convertible', 14, 2, 3, 1, 2099, '4K Ultra HD', 3840, 2160, 'Yes', 'Yes', 'No', 1, 2, 5, 512, '0', 'SSD', 'No', 1, 9),
	(345, 5, 'XPS 13', 'Ultrabook', 13, 1, 3, 1, 1579, 'Full HD', 1920, 1080, 'No', 'No', 'No', 1, 2, 5, 256, '0', 'SSD', 'No', 1, 9),
	(346, 6, 'Legion Y520-15IKBN', 'Gaming', 16, 2, 3, 2, 1129, 'Full HD', 1920, 1080, 'No', 'Yes', 'No', 1, 3, 20, 256, '2048', 'SSD', 'HDD', 3, 31),
	(347, 2, 'Stream 14-AX001nv', 'Notebook', 14, 4, 3, 1, 279, 'Standard', 1366, 768, 'No', 'No', 'No', 1, 2, 24, 32, '0', 'Flash Storage', 'No', 1, 16),
	(348, 5, 'Latitude 5590', 'Ultrabook', 16, 2, 3, 2, 1608, 'Full HD', 1920, 1080, 'No', 'No', 'No', 1, 2, 14, 512, '256', 'SSD', 'SSD', 1, 9),
	(349, 4, 'VivoBook Flip', '2 in 1 Convertible', 12, 3, 3, 2, 375, 'Standard', 1366, 768, 'Yes', 'No', 'No', 1, 1, 18, 32, '0', 'Flash Storage', 'No', 1, 22),
	(350, 5, 'Inspiron 5570', 'Ultrabook', 16, 1, 3, 2, 663, 'Full HD', 1920, 1080, 'No', 'No', 'No', 1, 2, 6, 1024, '0', 'HDD', 'No', 2, 19),
	(351, 5, 'XPS 15', 'Notebook', 16, 2, 3, 2, 2027, '4K Ultra HD', 3840, 2160, 'Yes', 'No', 'No', 1, 3, 20, 512, '0', 'SSD', 'No', 3, 17),
	(352, 2, 'Elitebook 850', 'Notebook', 16, 1, 3, 2, 1304, 'Full HD', 1920, 1080, 'No', 'No', 'No', 1, 3, 9, 256, '0', 'SSD', 'No', 1, 3),
	(353, 8, 'GP72MVR 7RFX', 'Gaming', 17, 1, 3, 3, 1409, 'Full HD', 1920, 1080, 'No', 'No', 'No', 1, 3, 20, 128, '1024', 'SSD', 'HDD', 3, 23),
	(354, 2, 'Zbook 15', 'Workstation', 16, 1, 3, 3, 1738, 'Full HD', 1920, 1080, 'No', 'No', 'No', 1, 3, 20, 256, '0', 'SSD', 'No', 3, 46),
	(355, 10, 'Tecra A50-C-21G', 'Notebook', 16, 2, 3, 2, 1403, 'Full HD', 1920, 1080, 'No', 'Yes', 'No', 1, 3, 35, 512, '0', 'SSD', 'No', 3, 51),
	(356, 5, 'Inspiron 5570', 'Notebook', 16, 1, 3, 2, 971, 'Full HD', 1920, 1080, 'No', 'No', 'No', 1, 2, 5, 128, '2048', 'SSD', 'HDD', 2, 19),
	(357, 6, 'IdeaPad 320-15IAP', 'Notebook', 16, 3, 2, 2, 322, 'Standard', 1366, 768, 'No', 'No', 'No', 1, 1, 18, 1024, '0', 'HDD', 'No', 1, 22),
	(358, 5, 'Inspiron 7577', 'Gaming', 16, 1, 3, 3, 999, 'Full HD', 1920, 1080, 'No', 'No', 'No', 1, 3, 12, 1024, '0', 'HDD', 'No', 3, 17),
	(359, 5, 'Inspiron 3567', 'Notebook', 16, 1, 3, 2, 557, 'Standard', 1366, 768, 'Yes', 'No', 'No', 1, 3, 2, 2048, '0', 'HDD', 'No', 1, 3),
	(360, 5, 'Latitude 7480', 'Notebook', 14, 1, 3, 1, 1427, 'Full HD', 1920, 1080, 'No', 'No', 'No', 1, 3, 48, 256, '0', 'SSD', 'No', 1, 3),
	(361, 2, '250 G6', 'Notebook', 16, 3, 3, 2, 439, 'Standard', 1366, 768, 'No', 'No', 'No', 1, 2, 7, 500, '0', 'HDD', 'No', 1, 10),
	(362, 4, 'Zenbook UX410UA-GV027T', 'Notebook', 14, 1, 3, 2, 945, 'Full HD', 1920, 1080, 'No', 'No', 'No', 1, 3, 2, 256, '0', 'SSD', 'No', 1, 3),
	(363, 6, 'IdeaPad 320-17IKB', 'Notebook', 17, 6, 3, 3, 719, 'Standard', 1600, 900, 'No', 'No', 'No', 1, 3, 2, 128, '1024', 'SSD', 'HDD', 3, 34),
	(364, 2, '250 G6', 'Notebook', 16, 1, 3, 2, 639, 'Full HD', 1920, 1080, 'No', 'No', 'No', 1, 3, 2, 1024, '0', 'HDD', 'No', 1, 3),
	(365, 6, 'IdeaPad 320-15ISK', 'Notebook', 16, 1, 2, 2, 499, 'Standard', 1366, 768, 'No', 'No', 'No', 1, 2, 7, 256, '0', 'SSD', 'No', 3, 27),
	(366, 2, '15-AY023na (N3710/8GB/2TB/W10)', 'Notebook', 16, 1, 3, 2, 389, 'Standard', 1366, 768, 'No', 'No', 'No', 1, 2, 46, 2048, '0', 'HDD', 'No', 1, 56),
	(367, 5, 'Inspiron 5770', 'Notebook', 17, 1, 3, 3, 1085, 'Full HD', 1920, 1080, 'No', 'No', 'No', 1, 2, 6, 128, '1024', 'SSD', 'HDD', 2, 19),
	(368, 6, 'Legion Y520-15IKBN', 'Gaming', 16, 1, 2, 2, 809, 'Full HD', 1920, 1080, 'No', 'Yes', 'No', 1, 3, 12, 128, '1024', 'SSD', 'HDD', 3, 17),
	(369, 5, 'Inspiron 5567', 'Notebook', 16, 1, 3, 2, 899, 'Full HD', 1920, 1080, 'No', 'No', 'No', 1, 3, 9, 256, '0', 'SSD', 'No', 2, 37),
	(370, 2, 'Elitebook 1040', 'Ultrabook', 14, 1, 3, 1, 1750, 'Full HD', 1920, 1080, 'No', 'Yes', 'No', 1, 3, 9, 256, '0', 'SSD', 'No', 1, 3),
	(371, 4, 'ZenBook Flip', '2 in 1 Convertible', 16, 5, 3, 2, 1099, 'Full HD', 1920, 1080, 'Yes', 'No', 'No', 1, 3, 9, 512, '2048', 'SSD', 'HDD', 3, 58),
	(372, 3, 'Aspire 3', 'Notebook', 16, 3, 3, 2, 426, 'Standard', 1366, 768, 'No', 'No', 'No', 2, 3, 4, 128, '0', 'SSD', 'No', 2, 6),
	(373, 4, 'Rog Strix', 'Gaming', 17, 2, 3, 3, 2199, 'Full HD', 1920, 1080, 'No', 'Yes', 'No', 2, 3, 21, 256, '1024', 'SSD', 'HDD', 2, 26),
	(374, 6, 'IdeaPad 110-17ACL', 'Notebook', 17, 3, 3, 3, 489, 'Standard', 1600, 900, 'No', 'No', 'No', 2, 2, 44, 128, '0', 'SSD', 'No', 2, 6),
	(375, 5, 'Inspiron 5379', '2 in 1 Convertible', 13, 1, 3, 2, 869, 'Full HD', 1920, 1080, 'Yes', 'No', 'No', 1, 2, 5, 256, '0', 'SSD', 'No', 1, 9),
	(376, 2, '15-bw003nv (A9-Series-9420/4GB/256GB/FHD/W10)', 'Notebook', 16, 3, 3, 2, 489, 'Full HD', 1920, 1080, 'No', 'No', 'No', 2, 3, 4, 256, '0', 'SSD', 'No', 2, 6),
	(377, 6, 'Yoga 11e', 'Netbook', 12, 3, 3, 2, 553, 'Standard', 1366, 768, 'No', 'Yes', 'No', 1, 1, 49, 128, '0', 'SSD', 'No', 1, 22),
	(378, 5, 'Inspiron 3552', 'Notebook', 16, 3, 3, 2, 309, 'Standard', 1366, 768, 'No', 'No', 'No', 1, 2, 24, 500, '0', 'HDD', 'No', 1, 16),
	(379, 4, 'VivoBook E403NA', 'Notebook', 14, 3, 3, 2, 286, 'Standard', 1366, 768, 'No', 'No', 'No', 1, 1, 18, 32, '0', 'Flash Storage', 'No', 1, 22),
	(380, 3, 'Aspire 7', 'Notebook', 16, 1, 5, 2, 846, 'Full HD', 1920, 1080, 'No', 'No', 'No', 1, 3, 20, 1024, '0', 'HDD', 'No', 3, 17),
	(381, 2, 'Omen 17-w212nv', 'Gaming', 17, 1, 3, 3, 1191, 'Full HD', 1920, 1080, 'No', 'Yes', 'No', 1, 3, 20, 128, '1024', 'SSD', 'HDD', 3, 17),
	(382, 6, 'V310-15ISK (i3-6006U/4GB/128GB/FHD/No', 'Notebook', 16, 3, 2, 2, 404, 'Full HD', 1920, 1080, 'No', 'No', 'No', 1, 2, 7, 128, '0', 'SSD', 'No', 1, 10),
	(383, 4, 'ROG Strix', 'Gaming', 16, 1, 3, 2, 1655, 'Full HD', 1920, 1080, 'No', 'Yes', 'No', 1, 3, 20, 128, '1024', 'SSD', 'HDD', 3, 23),
	(384, 6, 'IdeaPad 720S-14IKB', 'Notebook', 14, 1, 3, 2, 1099, 'Full HD', 1920, 1080, 'No', 'Yes', 'No', 1, 3, 2, 256, '0', 'SSD', 'No', 3, 15),
	(385, 4, 'Zenbook Flip', 'Ultrabook', 13, 2, 3, 1, 1749, 'Full HD', 1920, 1080, 'Yes', 'No', 'No', 1, 3, 9, 512, '0', 'SSD', 'No', 1, 3),
	(386, 6, 'Thinkpad X1', 'Ultrabook', 14, 1, 3, 1, 2282, 'Standard', 2560, 1440, 'No', 'Yes', 'No', 1, 3, 9, 512, '0', 'SSD', 'No', 1, 3),
	(387, 6, 'Ideapad 510S-13IKB', 'Notebook', 13, 3, 3, 2, 549, 'Full HD', 1920, 1080, 'No', 'Yes', 'No', 1, 2, 10, 128, '0', 'SSD', 'No', 1, 3),
	(388, 5, 'Precision 3510', 'Workstation', 16, 1, 3, 2, 1369, 'Full HD', 1920, 1080, 'No', 'No', 'No', 1, 3, 50, 500, '0', 'HDD', 'No', 2, 59),
	(389, 5, 'Precision 5520', 'Workstation', 16, 1, 3, 2, 2135, 'Full HD', 1920, 1080, 'No', 'Yes', 'No', 1, 3, 51, 256, '0', 'SSD', 'No', 3, 46),
	(390, 6, 'ThinkPad X1', '2 in 1 Convertible', 14, 2, 3, 1, 2509, 'Standard', 2560, 1440, 'Yes', 'No', 'No', 1, 3, 9, 512, '0', 'SSD', 'No', 1, 3),
	(391, 4, 'Rog GL753VD-GC042T', 'Gaming', 17, 1, 3, 3, 1039, 'Full HD', 1920, 1080, 'No', 'No', 'No', 1, 3, 20, 1024, '0', 'HDD', 'No', 3, 17),
	(392, 4, 'Rog GL753VE-GC070T', 'Gaming', 17, 2, 3, 3, 1591, 'Full HD', 1920, 1080, 'No', 'No', 'No', 1, 3, 20, 256, '1024', 'SSD', 'HDD', 3, 31),
	(393, 3, 'Aspire 5', 'Notebook', 16, 5, 3, 2, 694, 'Standard', 1366, 768, 'No', 'Yes', 'No', 1, 2, 6, 1024, '0', 'HDD', 'No', 3, 32),
	(394, 8, 'Leopard GP72M', 'Gaming', 17, 1, 3, 3, 1349, 'Full HD', 1920, 1080, 'No', 'No', 'No', 1, 3, 20, 256, '0', 'SSD', 'No', 3, 31),
	(395, 5, 'Inspiron 5567', 'Notebook', 16, 1, 5, 2, 779, 'Full HD', 1920, 1080, 'No', 'No', 'No', 1, 3, 9, 256, '0', 'SSD', 'No', 2, 37),
	(396, 2, '15-BW004nv (A9-9420/4GB/256GB/Radeon', 'Ultrabook', 16, 3, 3, 2, 499, 'Full HD', 1920, 1080, 'No', 'No', 'No', 2, 3, 4, 256, '0', 'SSD', 'No', 2, 29),
	(397, 6, 'ThinkPad E580', 'Notebook', 16, 1, 3, 2, 1230, 'Full HD', 1920, 1080, 'No', 'Yes', 'No', 1, 2, 5, 256, '0', 'SSD', 'No', 2, 38),
	(398, 6, 'ThinkPad L470', 'Notebook', 14, 1, 3, 2, 938, 'Full HD', 1920, 1080, 'No', 'Yes', 'No', 1, 3, 2, 256, '0', 'SSD', 'No', 1, 3),
	(399, 5, 'Precision M5520', 'Workstation', 16, 1, 3, 2, 2712, '4K Ultra HD', 3840, 2160, 'Yes', 'No', 'No', 1, 3, 20, 256, '0', 'SSD', 'No', 3, 46),
	(400, 6, 'Thinkpad X1', 'Ultrabook', 14, 2, 3, 1, 2625, 'Standard', 2560, 1440, 'No', 'Yes', 'No', 1, 3, 9, 1024, '0', 'SSD', 'No', 1, 3),
	(401, 6, 'IdeaPad 320-15IAP', 'Notebook', 16, 3, 3, 2, 306, 'Standard', 1366, 768, 'No', 'No', 'No', 1, 1, 18, 1024, '0', 'HDD', 'No', 1, 22),
	(402, 4, 'FX753VD-GC461T (i7-7700HQ/16GB/1TB', 'Gaming', 17, 2, 3, 3, 1529, 'Full HD', 1920, 1080, 'No', 'No', 'No', 1, 3, 20, 256, '1024', 'SSD', 'HDD', 3, 17),
	(403, 6, 'ThinkPad E580', 'Notebook', 16, 1, 3, 2, 1145, 'Full HD', 1920, 1080, 'No', 'Yes', 'No', 1, 2, 6, 256, '1024', 'SSD', 'HDD', 2, 38),
	(404, 3, 'Aspire 7', 'Notebook', 16, 1, 5, 3, 879, 'Full HD', 1920, 1080, 'No', 'No', 'No', 1, 3, 20, 256, '0', 'SSD', 'No', 3, 17),
	(405, 8, 'GE73VR 7RF', 'Gaming', 17, 2, 3, 3, 2249, 'Full HD', 1920, 1080, 'No', 'No', 'No', 1, 3, 20, 256, '1024', 'SSD', 'HDD', 3, 30),
	(406, 4, 'Zenbook 3', 'Ultrabook', 14, 1, 3, 1, 1873, 'Full HD', 1920, 1080, 'No', 'No', 'No', 1, 3, 9, 512, '0', 'SSD', 'No', 1, 3),
	(407, 10, 'Portege Z30-C-16P', 'Ultrabook', 13, 2, 3, 1, 1747, 'Full HD', 1920, 1080, 'No', 'No', 'No', 1, 3, 35, 512, '0', 'SSD', 'No', 1, 10),
	(408, 5, 'Latitude 7480', 'Ultrabook', 14, 1, 3, 1, 1680, 'Full HD', 1920, 1080, 'No', 'No', 'No', 1, 3, 43, 512, '0', 'SSD', 'No', 1, 21),
	(409, 6, 'IdeaPad 320-15ISK', 'Notebook', 16, 3, 3, 2, 409, 'Full HD', 1920, 1080, 'No', 'No', 'No', 1, 2, 7, 500, '0', 'HDD', 'No', 1, 10),
	(410, 6, 'Lenovo IdeaPad', 'Notebook', 12, 4, 3, 1, 304, 'Standard', 1366, 768, 'No', 'No', 'No', 1, 1, 18, 32, '0', 'Flash Storage', 'No', 1, 22),
	(411, 6, 'ThinkPad P51', 'Workstation', 16, 1, 3, 3, 1925, 'Full HD', 1920, 1080, 'No', 'No', 'No', 1, 3, 20, 512, '0', 'SSD', 'No', 3, 46),
	(412, 6, 'Thinkpad T470p', 'Ultrabook', 14, 1, 3, 2, 1943, 'Full HD', 2560, 1440, 'No', 'Yes', 'No', 1, 3, 20, 512, '0', 'SSD', 'No', 3, 58),
	(413, 2, '15-BS028nv (i3-6006U/4GB/1TB/Radeon', 'Notebook', 16, 3, 3, 2, 469, 'Full HD', 1920, 1080, 'No', 'No', 'No', 1, 2, 7, 1024, '0', 'HDD', 'No', 2, 29),
	(414, 3, 'Aspire R7', '2 in 1 Convertible', 13, 1, 3, 2, 789, 'Full HD', 1920, 1080, 'Yes', 'Yes', 'No', 1, 3, 35, 256, '0', 'SSD', 'No', 1, 10),
	(415, 4, 'ZenBook Flip', '2 in 1 Convertible', 13, 1, 3, 1, 928, 'Full HD', 1920, 1080, 'Yes', 'Yes', 'No', 1, 3, 2, 256, '0', 'SSD', 'No', 1, 3),
	(416, 5, 'Inspiron 3567', 'Notebook', 16, 3, 5, 2, 599, 'Full HD', 1920, 1080, 'No', 'No', 'No', 1, 3, 2, 256, '0', 'SSD', 'No', 2, 12),
	(417, 5, 'Latitude 3380', 'Notebook', 13, 3, 3, 2, 689, 'Standard', 1366, 768, 'No', 'No', 'No', 1, 2, 7, 128, '0', 'SSD', 'No', 1, 10),
	(418, 2, 'EliteBook 1040', 'Ultrabook', 14, 1, 3, 1, 1500, 'Full HD', 1920, 1080, 'No', 'No', 'No', 1, 3, 35, 256, '0', 'SSD', 'No', 1, 10),
	(419, 5, 'Inspiron 3567', 'Notebook', 16, 1, 3, 2, 540, 'Standard', 1366, 768, 'No', 'No', 'No', 1, 3, 2, 1024, '0', 'HDD', 'No', 1, 3),
	(420, 6, 'ThinkPad E480', 'Ultrabook', 14, 1, 3, 2, 1215, 'Full HD', 1920, 1080, 'No', 'Yes', 'No', 1, 2, 5, 256, '0', 'SSD', 'No', 2, 38),
	(421, 6, 'Yoga 720-15IKB', '2 in 1 Convertible', 16, 2, 3, 2, 1899, '4K Ultra HD', 3840, 2160, 'Yes', 'Yes', 'No', 1, 3, 20, 512, '0', 'SSD', 'No', 3, 17),
	(422, 7, 'LapBook 12.3', 'Notebook', 12, 6, 3, 1, 449, 'Standard', 2736, 1824, 'No', 'Yes', 'Yes', 1, 1, 49, 64, '0', 'Flash Storage', 'No', 1, 22),
	(423, 2, 'ProBook 650', 'Notebook', 16, 1, 3, 2, 1427, 'Full HD', 1920, 1080, 'No', 'No', 'No', 1, 3, 41, 256, '0', 'SSD', 'No', 1, 52),
	(424, 4, 'X542UQ-DM117 (i3-7100U/8GB/1TB/GeForce', 'Notebook', 16, 1, 5, 2, 597, 'Full HD', 1920, 1080, 'No', 'No', 'No', 1, 2, 10, 1024, '0', 'HDD', 'No', 3, 15),
	(425, 5, 'Alienware 17', 'Gaming', 17, 2, 3, 4, 2799, 'Standard', 2560, 1440, 'No', 'Yes', 'No', 1, 3, 33, 256, '1024', 'SSD', 'HDD', 3, 30),
	(426, 5, 'Inspiron 7577', 'Gaming', 16, 1, 3, 3, 1159, 'Full HD', 1920, 1080, 'No', 'Yes', 'No', 1, 3, 20, 128, '1024', 'SSD', 'HDD', 3, 31),
	(427, 5, 'Inspiron 5570', 'Notebook', 16, 1, 3, 2, 1142, 'Full HD', 1920, 1080, 'No', 'No', 'No', 1, 2, 5, 256, '2048', 'SSD', 'HDD', 2, 19),
	(428, 5, 'Latitude 5480', 'Ultrabook', 14, 1, 5, 2, 1099, 'Full HD', 1920, 1080, 'No', 'No', 'No', 1, 3, 43, 256, '0', 'SSD', 'No', 1, 3),
	(429, 2, 'Omen 17-w207nv', 'Gaming', 17, 5, 3, 3, 1999, 'Full HD', 1920, 1080, 'No', 'No', 'No', 1, 3, 20, 256, '1024', 'SSD', 'HDD', 3, 30),
	(430, 15, 'FlexBook Edge', '2 in 1 Convertible', 12, 3, 3, 1, 299, 'Full HD', 1920, 1080, 'Yes', 'Yes', 'No', 1, 1, 18, 32, '0', 'SSD', 'No', 1, 22),
	(431, 16, 'Chromebook 3', 'Netbook', 12, 3, 8, 1, 269, 'Standard', 1366, 768, 'No', 'No', 'No', 1, 2, 24, 16, '0', 'Flash Storage', 'No', 1, 16),
	(432, 6, 'Thinkpad 13', 'Notebook', 13, 1, 3, 1, 1010, 'Full HD', 1920, 1080, 'No', 'Yes', 'No', 1, 3, 9, 256, '0', 'SSD', 'No', 1, 3),
	(433, 6, 'IdeaPad 320s-14IKB', 'Notebook', 14, 3, 3, 2, 599, 'Full HD', 1920, 1080, 'No', 'Yes', 'No', 1, 3, 19, 128, '0', 'SSD', 'No', 1, 3),
	(434, 6, 'Thinkpad T570', 'Workstation', 16, 2, 3, 2, 2445, '4K Ultra HD', 3840, 2160, 'No', 'Yes', 'No', 1, 3, 43, 512, '0', 'SSD', 'No', 3, 15),
	(435, 6, 'Thinkpad P51', 'Notebook', 16, 2, 3, 3, 2449, 'Full HD', 1920, 1080, 'No', 'No', 'No', 1, 3, 41, 512, '0', 'SSD', 'No', 3, 60),
	(436, 4, 'Rog Strix', 'Gaming', 17, 1, 3, 3, 1695, 'Full HD', 1920, 1080, 'No', 'No', 'No', 2, 3, 52, 256, '1024', 'SSD', 'HDD', 2, 26),
	(437, 2, '15-ra044nv (N3060/4GB/500GB/W10)', 'Notebook', 16, 3, 3, 2, 347, 'Standard', 1366, 768, 'No', 'No', 'No', 1, 2, 24, 500, '0', 'HDD', 'No', 1, 16),
	(438, 17, 'Pixelbook (Core', 'Ultrabook', 12, 2, 8, 1, 2199, 'Standard', 2400, 1600, 'Yes', 'No', 'No', 1, 1, 53, 512, '0', 'SSD', 'No', 1, 13),
	(439, 6, 'ThinkPad T470s', 'Ultrabook', 14, 8, 3, 1, 2382, 'Standard', 2560, 1440, 'No', 'No', 'No', 1, 3, 9, 512, '0', 'SSD', 'No', 1, 3),
	(440, 4, 'VivoBook Max', 'Notebook', 16, 3, 5, 2, 559, 'Full HD', 1920, 1080, 'No', 'No', 'No', 1, 3, 2, 256, '0', 'SSD', 'No', 1, 3),
	(441, 6, 'IdeaPad 320-15AST', 'Notebook', 17, 1, 3, 3, 519, 'Standard', 1600, 900, 'No', 'No', 'No', 2, 3, 17, 1024, '0', 'HDD', 'No', 2, 61),
	(442, 5, 'Inspiron 5570', 'Notebook', 16, 3, 3, 2, 749, 'Full HD', 1920, 1080, 'No', 'No', 'No', 1, 2, 6, 256, '0', 'SSD', 'No', 2, 19),
	(443, 6, 'ThinkPad X270', 'Ultrabook', 13, 1, 3, 1, 1429, 'Full HD', 1920, 1080, 'No', 'Yes', 'No', 1, 3, 2, 256, '0', 'SSD', 'No', 1, 3),
	(444, 6, 'IdeaPad 320-15IAP', 'Notebook', 16, 3, 3, 2, 349, 'Full HD', 1920, 1080, 'No', 'No', 'No', 1, 1, 22, 128, '0', 'SSD', 'No', 1, 42),
	(445, 2, 'Omen 15-AX205na', 'Gaming', 16, 1, 3, 2, 1099, 'Full HD', 1920, 1080, 'No', 'Yes', 'No', 1, 3, 20, 128, '1024', 'SSD', 'HDD', 3, 17),
	(446, 5, 'Latitude 5480', 'Notebook', 14, 1, 3, 2, 1179, 'Full HD', 1920, 1080, 'No', 'No', 'No', 1, 3, 54, 256, '0', 'SSD', 'No', 3, 20),
	(447, 3, 'Aspire ES1-572', 'Notebook', 16, 3, 5, 2, 442, 'Standard', 1366, 768, 'No', 'No', 'No', 1, 3, 2, 500, '0', 'HDD', 'No', 1, 3),
	(448, 5, 'Precision 3520', 'Workstation', 16, 1, 3, 2, 1993, 'Full HD', 1920, 1080, 'No', 'No', 'No', 1, 3, 34, 64, '1024', 'Flash Storage', 'HDD', 3, 62),
	(449, 8, 'GV62 7RD-1686NL', 'Gaming', 16, 1, 3, 2, 1028, 'Full HD', 1920, 1080, 'No', 'No', 'No', 1, 3, 12, 256, '0', 'SSD', 'No', 3, 17),
	(450, 9, 'Surface Laptop', 'Ultrabook', 14, 2, 7, 1, 2589, 'Standard', 2256, 1504, 'Yes', 'No', 'No', 1, 3, 55, 512, '0', 'SSD', 'No', 1, 1),
	(451, 2, '15-bs024nv (i5-7200U/8GB/128GB/W10)', 'Notebook', 16, 1, 3, 2, 589, 'Standard', 1366, 768, 'No', 'No', 'No', 1, 3, 2, 128, '0', 'SSD', 'No', 1, 3),
	(452, 5, 'Precision 3520', 'Workstation', 16, 2, 3, 2, 1975, 'Full HD', 1920, 1080, 'No', 'Yes', 'No', 1, 3, 51, 256, '0', 'SSD', 'No', 3, 62),
	(453, 2, 'ProBook 650', 'Workstation', 16, 1, 3, 2, 1534, 'Full HD', 1920, 1080, 'No', 'Yes', 'No', 1, 3, 41, 512, '0', 'SSD', 'No', 1, 3),
	(454, 6, 'ThinkPad T470', 'Notebook', 14, 1, 3, 2, 1345, 'Full HD', 1920, 1080, 'No', 'No', 'No', 1, 3, 2, 256, '0', 'SSD', 'No', 1, 3),
	(455, 5, 'Inspiron 5570', 'Notebook', 16, 1, 3, 2, 979, 'Full HD', 1920, 1080, 'No', 'No', 'No', 1, 2, 5, 128, '1024', 'SSD', 'HDD', 2, 19),
	(456, 5, 'Inspiron 3168', '2 in 1 Convertible', 12, 3, 3, 1, 479, 'Standard', 1366, 768, 'Yes', 'No', 'No', 1, 2, 46, 500, '0', 'HDD', 'No', 1, 56),
	(457, 5, 'Alienware 17', 'Notebook', 17, 1, 3, 4, 2046, 'Full HD', 1920, 1080, 'No', 'Yes', 'No', 1, 3, 20, 1024, '0', 'HDD', 'No', 3, 23),
	(458, 9, 'Surface Laptop', 'Ultrabook', 14, 3, 7, 1, 989, 'Standard', 2256, 1504, 'Yes', 'No', 'No', 1, 2, 56, 128, '0', 'SSD', 'No', 1, 13),
	(459, 9, 'Surface Laptop', 'Ultrabook', 14, 1, 7, 1, 1799, 'Standard', 2256, 1504, 'Yes', 'No', 'No', 1, 3, 55, 256, '0', 'SSD', 'No', 1, 1),
	(460, 2, '17-BS092ND (i3-6006U/8GB/256GB/W10)', 'Notebook', 17, 1, 3, 3, 640, 'Standard', 1600, 900, 'No', 'No', 'No', 1, 2, 7, 256, '0', 'SSD', 'No', 1, 10),
	(461, 3, 'Aspire E5-576G', 'Notebook', 16, 3, 3, 2, 544, 'Full HD', 1920, 1080, 'No', 'No', 'No', 1, 2, 7, 1024, '0', 'HDD', 'No', 3, 15),
	(462, 3, 'TravelMate B', 'Netbook', 12, 3, 3, 1, 435, 'Standard', 1366, 768, 'No', 'No', 'No', 1, 2, 24, 128, '0', 'SSD', 'No', 1, 16),
	(463, 4, 'Pro P2540UA-AB51', 'Notebook', 16, 1, 3, 2, 749, 'Full HD', 1920, 1080, 'No', 'No', 'No', 1, 3, 2, 1024, '0', 'HDD', 'No', 1, 3),
	(464, 6, 'IdeaPad 510s-14IKB', 'Notebook', 14, 1, 2, 2, 799, 'Full HD', 1920, 1080, 'No', 'Yes', 'No', 1, 3, 9, 512, '0', 'SSD', 'No', 2, 63),
	(465, 6, 'Thinkpad P51', 'Notebook', 16, 1, 3, 3, 2090, 'Full HD', 1920, 1080, 'No', 'No', 'No', 1, 3, 41, 256, '0', 'SSD', 'No', 3, 60),
	(466, 4, 'X541NA-PD1003Y (N4200/4GB/500GB/W10)', 'Notebook', 16, 3, 3, 2, 304, 'Standard', 1366, 768, 'No', 'No', 'No', 1, 1, 22, 500, '0', 'HDD', 'No', 1, 22),
	(467, 3, 'Aspire 5', 'Notebook', 16, 3, 3, 2, 469, 'Standard', 1366, 768, 'No', 'No', 'No', 1, 2, 7, 500, '0', 'HDD', 'No', 3, 34),
	(468, 5, 'Inspiron 5570', 'Notebook', 16, 1, 3, 2, 759, 'Full HD', 1920, 1080, 'No', 'No', 'No', 1, 2, 6, 2048, '0', 'HDD', 'No', 2, 19),
	(469, 2, 'Omen 17-an006nv', 'Gaming', 17, 5, 3, 4, 1699, 'Full HD', 1920, 1080, 'No', 'Yes', 'No', 1, 3, 20, 1024, '0', 'HDD', 'No', 3, 23),
	(470, 6, 'Thinkpad T460s', 'Ultrabook', 14, 5, 3, 1, 1858, 'Quad HD+', 2560, 1440, 'No', 'Yes', 'No', 1, 3, 39, 256, '0', 'SSD', 'No', 1, 10),
	(471, 2, 'Spectre x360', '2 in 1 Convertible', 13, 1, 3, 1, 1999, '4K Ultra HD', 3840, 2160, 'Yes', 'Yes', 'No', 1, 2, 5, 512, '0', 'SSD', 'No', 1, 9),
	(472, 2, 'ZBook 15u', 'Notebook', 16, 1, 3, 2, 1154, 'Full HD', 1920, 1080, 'No', 'No', 'No', 1, 3, 2, 500, '0', 'HDD', 'No', 2, 48),
	(473, 17, 'Pixelbook (Core', 'Ultrabook', 12, 1, 8, 1, 1275, 'Standard', 2400, 1600, 'Yes', 'No', 'No', 1, 1, 57, 128, '0', 'SSD', 'No', 1, 13),
	(474, 5, 'Latitude 7390', 'Ultrabook', 13, 1, 3, 1, 1842, 'Full HD', 1920, 1080, 'Yes', 'No', 'No', 1, 2, 6, 256, '0', 'SSD', 'No', 1, 9),
	(475, 4, 'ZenBook Pro', 'Notebook', 16, 5, 3, 2, 1299, '4K Ultra HD', 3840, 2160, 'No', 'Yes', 'No', 1, 3, 58, 128, '1024', 'SSD', 'HDD', 1, 64),
	(476, 5, 'Latitude E5470', 'Notebook', 14, 1, 3, 2, 740, 'Standard', 1366, 768, 'No', 'No', 'No', 1, 2, 59, 128, '0', 'SSD', 'No', 1, 10),
	(477, 5, 'Precision M5520', 'Workstation', 16, 1, 3, 2, 2408, 'Full HD', 1920, 1080, 'No', 'No', 'No', 1, 3, 20, 256, '0', 'SSD', 'No', 3, 46),
	(478, 6, 'Thinkpad T470', 'Notebook', 14, 1, 3, 2, 1364, 'Full HD', 1920, 1080, 'No', 'No', 'No', 1, 3, 2, 180, '0', 'SSD', 'No', 1, 3),
	(479, 5, 'Inspiron 3576', 'Notebook', 16, 1, 3, 2, 675, 'Full HD', 1920, 1080, 'No', 'No', 'No', 1, 2, 6, 1024, '0', 'HDD', 'No', 2, 29),
	(480, 10, 'Portege X30-D-10J', 'Notebook', 13, 1, 3, 1, 1672, 'Full HD', 1920, 1080, 'No', 'Yes', 'No', 1, 3, 2, 256, '0', 'SSD', 'No', 1, 3),
	(481, 5, 'Inspiron 7570', 'Notebook', 16, 1, 3, 2, 1262, 'Full HD', 1920, 1080, 'No', 'Yes', 'No', 1, 2, 5, 512, '0', 'SSD', 'No', 3, 15),
	(482, 5, 'Vostro 3568', 'Notebook', 16, 3, 3, 2, 587, 'Standard', 1366, 768, 'No', 'No', 'No', 1, 2, 10, 1024, '0', 'HDD', 'No', 1, 3),
	(483, 2, 'ProBook 430', 'Notebook', 13, 3, 3, 1, 726, 'Full HD', 1920, 1080, 'No', 'Yes', 'No', 1, 2, 6, 128, '0', 'SSD', 'No', 1, 9),
	(484, 7, 'Lapbook 15,6', 'Notebook', 16, 3, 3, 2, 249, 'Full HD', 1920, 1080, 'No', 'No', 'No', 1, 1, 11, 64, '0', 'Flash Storage', 'No', 1, 21),
	(485, 6, 'ThinkPad E570', 'Notebook', 16, 3, 3, 2, 565, 'Standard', 1366, 768, 'No', 'No', 'No', 1, 2, 7, 128, '0', 'SSD', 'No', 1, 10),
	(486, 6, 'ThinkPad E480', 'Notebook', 14, 1, 3, 2, 1049, 'Full HD', 1920, 1080, 'No', 'Yes', 'No', 1, 2, 6, 256, '0', 'SSD', 'No', 1, 9),
	(487, 5, 'Precision 3520', 'Workstation', 16, 2, 3, 2, 2338, 'Full HD', 1920, 1080, 'No', 'Yes', 'No', 1, 3, 51, 512, '0', 'SSD', 'No', 3, 62),
	(488, 5, 'XPS 15', 'Notebook', 16, 2, 3, 2, 1899, 'Full HD', 1920, 1080, 'No', 'No', 'No', 1, 3, 20, 512, '0', 'SSD', 'No', 3, 17),
	(489, 6, 'Thinkpad X270', 'Ultrabook', 13, 2, 3, 1, 1798, 'Full HD', 1920, 1080, 'No', 'Yes', 'No', 1, 3, 9, 512, '0', 'SSD', 'No', 1, 3),
	(490, 4, 'Zenbook UX390UA', 'Ultrabook', 13, 2, 3, 1, 1950, 'Full HD', 1920, 1080, 'No', 'No', 'No', 1, 3, 9, 512, '0', 'SSD', 'No', 1, 3),
	(491, 6, 'Thinkpad E570', 'Notebook', 16, 1, 3, 2, 1012, 'Full HD', 1920, 1080, 'No', 'Yes', 'No', 1, 3, 2, 256, '0', 'SSD', 'No', 3, 15),
	(492, 10, 'Portege X30-D-10L', 'Ultrabook', 13, 7, 3, 1, 2799, 'Full HD', 1920, 1080, 'Yes', 'No', 'No', 1, 3, 9, 512, '0', 'SSD', 'No', 1, 3),
	(493, 4, 'VivoBook Pro', 'Gaming', 16, 1, 3, 2, 1350, 'Full HD', 1920, 1080, 'No', 'No', 'No', 1, 3, 20, 128, '1024', 'SSD', 'HDD', 3, 17),
	(494, 3, 'Aspire 5', 'Notebook', 16, 1, 3, 2, 579, 'Standard', 1366, 768, 'No', 'No', 'No', 2, 3, 60, 1024, '0', 'HDD', 'No', 2, 57),
	(495, 4, 'Rog G752VL-UH71T', 'Gaming', 17, 8, 3, 4, 1269, 'Full HD', 1920, 1080, 'Yes', 'Yes', 'No', 1, 3, 58, 256, '1024', 'SSD', 'HDD', 3, 65),
	(496, 6, 'Thinkpad X260', 'Ultrabook', 13, 1, 3, 1, 1099, 'Standard', 1366, 768, 'No', 'Yes', 'No', 1, 2, 28, 180, '0', 'SSD', 'No', 1, 10),
	(497, 6, 'Ideapad 520-15IKBR', 'Notebook', 16, 1, 3, 2, 899, 'Full HD', 1920, 1080, 'No', 'No', 'No', 1, 2, 5, 256, '0', 'SSD', 'No', 1, 9),
	(498, 2, 'EliteBook 840', 'Notebook', 14, 1, 3, 1, 1749, 'Full HD', 1920, 1080, 'No', 'No', 'No', 1, 3, 43, 1024, '0', 'SSD', 'No', 1, 3),
	(499, 6, 'ThinkPad 13', 'Notebook', 13, 1, 3, 1, 949, 'Full HD', 1920, 1080, 'No', 'Yes', 'No', 1, 2, 10, 256, '0', 'SSD', 'No', 1, 3),
	(500, 6, 'ThinkPad L570', 'Notebook', 16, 1, 3, 2, 911, 'Full HD', 1920, 1080, 'No', 'Yes', 'No', 1, 3, 2, 256, '0', 'SSD', 'No', 1, 3),
	(501, 4, 'VivoBook E201NA', 'Netbook', 12, 3, 7, 1, 340, 'Standard', 1366, 768, 'No', 'No', 'No', 1, 1, 18, 64, '0', 'Flash Storage', 'No', 1, 22),
	(502, 2, '15-BS026nv (i5-7200U/8GB/256GB/Radeon', 'Notebook', 16, 1, 3, 2, 619, 'Standard', 1366, 768, 'No', 'No', 'No', 1, 3, 2, 256, '0', 'SSD', 'No', 2, 29),
	(503, 6, 'Yoga 920-13IKB', '2 in 1 Convertible', 14, 1, 3, 1, 1599, 'Full HD', 1920, 1080, 'Yes', 'Yes', 'No', 1, 2, 6, 256, '0', 'SSD', 'No', 1, 9),
	(504, 6, 'IdeaPad 320-14IAP', 'Notebook', 14, 3, 3, 2, 299, 'Standard', 1366, 768, 'No', 'No', 'No', 1, 1, 18, 500, '0', 'HDD', 'No', 1, 22),
	(505, 6, 'Chromebook N23', 'Netbook', 12, 3, 8, 1, 265, 'Standard', 1366, 768, 'No', 'No', 'No', 1, 2, 24, 16, '0', 'SSD', 'No', 1, 16),
	(506, 6, 'ThinkPad 13', 'Notebook', 13, 1, 3, 1, 949, 'Full HD', 1920, 1080, 'No', 'No', 'No', 1, 3, 2, 256, '0', 'SSD', 'No', 1, 3),
	(507, 4, 'ZenBook UX510UX-CN211T', 'Notebook', 16, 1, 3, 2, 1224, 'Full HD', 1920, 1080, 'No', 'No', 'No', 1, 3, 9, 256, '1024', 'SSD', 'HDD', 1, 3),
	(508, 3, 'Aspire A515-51G-59QF', 'Notebook', 16, 3, 3, 2, 613, 'Full HD', 1920, 1080, 'No', 'Yes', 'No', 1, 2, 6, 1024, '0', 'HDD', 'No', 3, 8),
	(509, 2, 'Envy 13-AB002nv', 'Ultrabook', 13, 1, 3, 1, 1323, 'Full HD', 1920, 1080, 'No', 'Yes', 'No', 1, 3, 9, 512, '0', 'SSD', 'No', 1, 3),
	(510, 6, 'Legion Y520-15IKBN', 'Gaming', 16, 1, 2, 2, 1149, 'Full HD', 1920, 1080, 'No', 'Yes', 'No', 1, 3, 20, 256, '1024', 'SSD', 'HDD', 3, 23),
	(511, 5, 'XPS 13', 'Ultrabook', 13, 1, 3, 1, 899, 'Full HD', 1920, 1080, 'Yes', 'Yes', 'No', 1, 3, 2, 128, '0', 'SSD', 'No', 1, 3),
	(512, 3, 'Aspire A515-51G', 'Notebook', 16, 3, 3, 2, 639, 'Full HD', 1920, 1080, 'No', 'No', 'No', 1, 3, 9, 500, '0', 'HDD', 'No', 3, 15),
	(513, 5, 'Vostro 5568', 'Notebook', 16, 1, 3, 2, 836, 'Full HD', 1920, 1080, 'No', 'No', 'No', 1, 3, 2, 1024, '0', 'HDD', 'No', 1, 3),
	(514, 5, 'Inspiron 5570', 'Notebook', 16, 2, 3, 2, 1219, 'Full HD', 1920, 1080, 'No', 'No', 'No', 1, 2, 5, 256, '2048', 'SSD', 'HDD', 2, 19),
	(515, 12, 'Mi Notebook', 'Notebook', 16, 2, 2, 2, 1400, 'Full HD', 1920, 1080, 'No', 'Yes', 'No', 1, 2, 5, 256, '0', 'SSD', 'No', 3, 8),
	(516, 4, 'VivoBook E12', 'Netbook', 12, 4, 3, 1, 245, 'Standard', 1366, 768, 'No', 'No', 'No', 1, 1, 18, 32, '0', 'Flash Storage', 'No', 1, 22),
	(517, 2, '15-bs190od (i5-8250U/4GB/1TB/W10)', 'Notebook', 16, 3, 3, 2, 521, 'Standard', 1366, 768, 'Yes', 'No', 'No', 1, 2, 6, 1024, '0', 'HDD', 'No', 1, 9),
	(518, 4, 'ROG Zephyrus', 'Gaming', 16, 8, 3, 2, 2968, 'Full HD', 1920, 1080, 'No', 'No', 'No', 1, 3, 20, 512, '0', 'SSD', 'No', 3, 66),
	(519, 2, 'Probook 450', 'Notebook', 16, 1, 3, 2, 889, 'Full HD', 1920, 1080, 'No', 'No', 'No', 1, 3, 2, 256, '0', 'SSD', 'No', 3, 20),
	(520, 4, 'FX753VE-GC155T (i7-7700HQ/16GB/1TB', 'Gaming', 17, 2, 3, 3, 1504, 'Full HD', 1920, 1080, 'No', 'No', 'No', 1, 3, 20, 256, '1024', 'SSD', 'HDD', 3, 67),
	(521, 6, 'Legion Y720-15IKB', 'Gaming', 16, 1, 3, 3, 1399, 'Full HD', 1920, 1080, 'No', 'Yes', 'No', 1, 3, 20, 256, '1024', 'SSD', 'HDD', 3, 23),
	(522, 2, 'Spectre X360', 'Ultrabook', 13, 1, 3, 1, 1399, 'Full HD', 1920, 1080, 'No', 'Yes', 'No', 1, 3, 9, 256, '0', 'SSD', 'No', 1, 3),
	(523, 5, 'Latitude 5480', 'Notebook', 14, 1, 3, 2, 1280, 'Full HD', 1920, 1080, 'No', 'No', 'No', 1, 3, 48, 256, '0', 'SSD', 'No', 1, 3),
	(524, 2, 'ProBook 440', 'Notebook', 16, 3, 3, 2, 689, 'Standard', 1366, 768, 'No', 'No', 'No', 1, 2, 7, 128, '0', 'SSD', 'No', 1, 10),
	(525, 5, 'Inspiron 5770', 'Notebook', 17, 1, 5, 3, 889, 'Full HD', 1920, 1080, 'No', 'Yes', 'No', 1, 2, 6, 128, '1024', 'SSD', 'HDD', 2, 19),
	(526, 6, 'ThinkPad L470', 'Notebook', 14, 1, 9, 2, 1340, 'Full HD', 1920, 1080, 'No', 'No', 'No', 1, 2, 28, 256, '0', 'SSD', 'No', 1, 10),
	(527, 6, 'IdeaPad 320-15IKB', 'Notebook', 16, 3, 3, 2, 799, 'Full HD', 1920, 1080, 'No', 'No', 'No', 1, 3, 9, 1024, '0', 'HDD', 'No', 3, 27),
	(528, 6, 'IdeaPad 320-15ISK', 'Notebook', 16, 1, 2, 2, 459, 'Standard', 1366, 768, 'No', 'No', 'No', 1, 2, 7, 2048, '0', 'HDD', 'No', 3, 27),
	(529, 5, 'Inspiron 3567', 'Notebook', 16, 3, 3, 2, 585, 'Full HD', 1920, 1080, 'No', 'No', 'No', 1, 3, 2, 500, '0', 'HDD', 'No', 2, 12),
	(530, 5, 'Latitude 5580', 'Notebook', 16, 1, 3, 2, 1377, 'Full HD', 1920, 1080, 'No', 'No', 'No', 1, 3, 54, 256, '0', 'SSD', 'No', 1, 3),
	(531, 5, 'Alienware 17', 'Gaming', 17, 2, 3, 4, 3013, 'Full HD', 1920, 1080, 'No', 'Yes', 'No', 1, 3, 20, 128, '1024', 'SSD', 'HDD', 3, 30),
	(532, 10, 'Satellite Pro', 'Notebook', 16, 1, 3, 2, 860, 'Full HD', 1920, 1080, 'No', 'Yes', 'No', 1, 3, 2, 500, '0', 'HDD', 'No', 1, 3),
	(533, 4, 'Zenbook UX510UW-FI095T', 'Notebook', 16, 1, 3, 2, 1299, '4K Ultra HD', 3840, 2160, 'No', 'Yes', 'No', 1, 3, 9, 256, '1024', 'SSD', 'HDD', 3, 68),
	(534, 15, 'SmartBook Edge', 'Notebook', 13, 3, 3, 1, 369, 'Full HD', 1920, 1080, 'No', 'Yes', 'No', 1, 1, 49, 32, '0', 'SSD', 'No', 1, 22),
	(535, 4, 'ROG Strix', 'Gaming', 16, 1, 3, 2, 1649, 'Full HD', 1920, 1080, 'No', 'Yes', 'No', 1, 3, 12, 128, '1024', 'SSD', 'HDD', 3, 23),
	(536, 5, 'Latitude 5580', 'Notebook', 16, 1, 3, 2, 1369, 'Full HD', 1920, 1080, 'No', 'No', 'No', 1, 3, 43, 256, '0', 'SSD', 'No', 3, 20),
	(537, 5, 'Inspiron 5570', 'Notebook', 16, 1, 3, 2, 797, 'Full HD', 1920, 1080, 'No', 'No', 'No', 1, 2, 6, 256, '0', 'SSD', 'No', 2, 19),
	(538, 2, '250 G6', 'Notebook', 16, 3, 3, 2, 399, 'Full HD', 1920, 1080, 'No', 'No', 'No', 1, 2, 46, 256, '0', 'SSD', 'No', 1, 56),
	(539, 2, 'Omen 15-ce006nv', 'Gaming', 17, 5, 3, 3, 1799, 'Full HD', 1920, 1080, 'No', 'No', 'No', 1, 3, 20, 1024, '0', 'HDD', 'No', 3, 23),
	(540, 6, 'Thinkpad E470', 'Notebook', 14, 1, 3, 2, 859, 'Full HD', 1920, 1080, 'No', 'Yes', 'No', 1, 3, 9, 256, '0', 'SSD', 'No', 3, 15),
	(541, 5, 'XPS 13', 'Ultrabook', 13, 1, 3, 1, 1399, 'Quad HD+', 3200, 1800, 'Yes', 'No', 'No', 1, 2, 5, 256, '0', 'SSD', 'No', 1, 9),
	(542, 5, 'Vostro 5468', 'Notebook', 14, 3, 3, 2, 736, 'Full HD', 1920, 1080, 'No', 'No', 'No', 1, 2, 7, 128, '0', 'SSD', 'No', 1, 10),
	(543, 2, 'Envy 13-AB020nr', 'Ultrabook', 13, 1, 3, 1, 1145, 'Quad HD+', 3200, 1800, 'No', 'Yes', 'No', 1, 3, 9, 256, '0', 'SSD', 'No', 1, 3),
	(544, 3, 'Aspire 7', 'Gaming', 16, 1, 5, 2, 798, 'Full HD', 1920, 1080, 'No', 'No', 'No', 1, 3, 12, 1024, '0', 'HDD', 'No', 3, 17),
	(545, 4, 'VivoBook X540YA-XX519T', 'Notebook', 16, 3, 3, 2, 349, 'Standard', 1366, 768, 'No', 'No', 'No', 2, 2, 61, 500, '0', 'HDD', 'No', 2, 69),
	(546, 2, 'ProBook 450', 'Notebook', 16, 3, 3, 2, 706, 'Full HD', 1920, 1080, 'No', 'No', 'No', 1, 2, 10, 128, '0', 'SSD', 'No', 1, 3),
	(547, 6, 'ThinkPad E470', 'Notebook', 14, 3, 3, 2, 785, 'Full HD', 1920, 1080, 'No', 'No', 'No', 1, 3, 2, 500, '0', 'HDD', 'No', 1, 3),
	(548, 6, 'V310-15ISK (i5-6200U/4GB/1TB/FHD/No', 'Notebook', 16, 3, 2, 2, 462, 'Full HD', 1920, 1080, 'No', 'No', 'No', 1, 2, 28, 1024, '0', 'HDD', 'No', 1, 10),
	(549, 2, '250 G6', 'Notebook', 16, 3, 3, 2, 397, 'Full HD', 1920, 1080, 'No', 'No', 'No', 1, 2, 7, 500, '0', 'HDD', 'No', 1, 10),
	(550, 6, 'ThinkPad T570', 'Notebook', 16, 1, 3, 2, 1729, 'Full HD', 1920, 1080, 'No', 'Yes', 'No', 1, 3, 9, 512, '0', 'SSD', 'No', 1, 3),
	(551, 6, 'IdeaPad 320-15ISK', 'Notebook', 16, 3, 3, 2, 499, 'Full HD', 1920, 1080, 'No', 'No', 'No', 1, 2, 7, 128, '0', 'SSD', 'No', 1, 10),
	(552, 5, 'Latitude 5580', 'Notebook', 16, 1, 3, 2, 1117, 'Full HD', 1920, 1080, 'No', 'No', 'No', 1, 3, 2, 256, '0', 'SSD', 'No', 1, 3),
	(553, 5, 'Alienware 17', 'Gaming', 17, 2, 3, 4, 2699, 'Full HD', 1920, 1080, 'No', 'Yes', 'No', 1, 3, 20, 256, '1024', 'SSD', 'HDD', 3, 30),
	(554, 2, '17-X047na (i3-6006U/8GB/1TB/W10)', 'Notebook', 17, 1, 3, 3, 544, 'Standard', 1600, 900, 'No', 'No', 'No', 1, 2, 7, 1024, '0', 'HDD', 'No', 1, 10),
	(555, 2, 'ProBook 470', 'Notebook', 17, 1, 3, 3, 1280, 'Full HD', 1920, 1080, 'No', 'No', 'No', 1, 3, 9, 1024, '0', 'HDD', 'No', 3, 20),
	(556, 4, 'A541NA-GO342 (N3350/4GB/500GB/Linux)', 'Notebook', 16, 3, 5, 2, 224, 'Standard', 1366, 768, 'No', 'No', 'No', 1, 1, 18, 500, '0', 'HDD', 'No', 1, 22),
	(557, 15, 'SmartBook 130', 'Notebook', 13, 3, 3, 1, 255, 'Full HD', 1920, 1080, 'No', 'Yes', 'No', 1, 1, 11, 32, '0', 'Flash Storage', 'No', 1, 21),
	(558, 6, 'IdeaPad 320-17IKB', 'Notebook', 17, 6, 3, 3, 949, 'Standard', 1600, 900, 'No', 'No', 'No', 1, 3, 9, 128, '1024', 'SSD', 'HDD', 3, 15),
	(559, 2, '15-bw007nv (A10-9620P/6GB/128GB/Radeon', 'Notebook', 16, 6, 3, 2, 569, 'Full HD', 1920, 1080, 'No', 'Yes', 'No', 2, 3, 37, 128, '0', 'SSD', 'No', 2, 19),
	(560, 5, 'Vostro 3568', 'Notebook', 16, 3, 3, 2, 618, 'Standard', 1366, 768, 'No', 'No', 'No', 1, 2, 7, 1024, '0', 'HDD', 'No', 2, 41),
	(561, 3, 'Spin SP111-31', '2 in 1 Convertible', 12, 3, 3, 1, 349, 'Full HD', 1920, 1080, 'Yes', 'Yes', 'No', 1, 2, 18, 32, '0', 'Flash Storage', 'No', 1, 22),
	(562, 6, 'V330-15IKB (i3-7130U/4GB/128GB/FHD/W10)', 'Notebook', 16, 3, 3, 2, 630, 'Full HD', 1920, 1080, 'No', 'No', 'No', 1, 3, 19, 128, '0', 'SSD', 'No', 1, 3),
	(563, 2, 'EliteBook 1030', 'Ultrabook', 13, 2, 3, 1, 1965, 'Quad HD+', 3200, 1800, 'Yes', 'Yes', 'No', 1, 1, 29, 512, '0', 'SSD', 'No', 1, 40),
	(564, 6, 'Thinkpad P71', 'Notebook', 17, 1, 3, 3, 2999, 'Full HD', 1920, 1080, 'No', 'Yes', 'No', 1, 3, 20, 256, '0', 'SSD', 'No', 3, 70),
	(565, 4, 'FX553VD-DM627T (i5-7300HQ/8GB/1TB', 'Notebook', 16, 1, 3, 3, 839, 'Full HD', 1920, 1080, 'No', 'No', 'No', 1, 3, 12, 128, '1024', 'SSD', 'HDD', 3, 17),
	(566, 5, 'XPS 13', 'Ultrabook', 13, 1, 3, 1, 1599, '4K Ultra HD', 3840, 2160, 'Yes', 'Yes', 'No', 1, 2, 6, 128, '0', 'SSD', 'No', 1, 9),
	(567, 5, 'Latitude 5580', 'Notebook', 16, 3, 3, 2, 959, 'Standard', 1366, 768, 'No', 'No', 'No', 1, 3, 48, 500, '0', 'HDD', 'No', 1, 3),
	(568, 18, 'Lifebook A557', 'Notebook', 16, 1, 3, 2, 739, 'Standard', 1366, 768, 'No', 'No', 'No', 1, 3, 2, 1024, '0', 'HDD', 'No', 1, 3),
	(569, 6, 'IdeaPad 320-15IAP', 'Notebook', 16, 3, 3, 2, 344, 'Full HD', 1920, 1080, 'No', 'No', 'No', 1, 1, 22, 500, '0', 'HDD', 'No', 1, 42),
	(570, 6, 'ThinkPad L470', 'Notebook', 14, 3, 3, 2, 990, 'Standard', 1366, 768, 'No', 'No', 'No', 1, 3, 2, 500, '0', 'HDD', 'No', 1, 3),
	(571, 2, 'ZBook 17', 'Workstation', 17, 1, 3, 3, 1861, 'Standard', 1600, 900, 'No', 'No', 'No', 1, 3, 54, 500, '0', 'HDD', 'No', 3, 46),
	(572, 2, '14-am079na (N3710/8GB/2TB/W10)', 'Notebook', 14, 1, 3, 2, 389, 'Standard', 1366, 768, 'No', 'No', 'No', 1, 2, 46, 2048, '0', 'HDD', 'No', 1, 56),
	(573, 2, '15-cd005nv (A9-9420/6GB/256GB/Radeon', 'Notebook', 16, 6, 3, 2, 649, 'Full HD', 1920, 1080, 'No', 'Yes', 'No', 2, 3, 62, 256, '0', 'SSD', 'No', 2, 19),
	(574, 6, 'Thinkpad E570', 'Notebook', 16, 1, 3, 2, 830, 'Full HD', 1920, 1080, 'No', 'No', 'No', 1, 3, 2, 256, '0', 'SSD', 'No', 1, 3),
	(575, 6, 'V330-15IKB (i5-8250U/4GB/500GB/FHD/W10)', 'Notebook', 16, 3, 3, 2, 685, 'Full HD', 1920, 1080, 'No', 'No', 'No', 1, 2, 6, 500, '0', 'HDD', 'No', 1, 3),
	(576, 15, 'SmartBook 141', 'Notebook', 14, 3, 3, 1, 249, 'Full HD', 1920, 1080, 'No', 'No', 'No', 1, 1, 11, 32, '0', 'SSD', 'No', 1, 21),
	(577, 10, 'Tecra X40-D-10H', 'Ultrabook', 14, 2, 3, 1, 1865, 'Full HD', 1920, 1080, 'Yes', 'No', 'No', 1, 3, 9, 512, '0', 'SSD', 'No', 1, 3),
	(578, 6, 'IdeaPad Y910-17ISK', 'Gaming', 17, 7, 3, 5, 2663, 'Full HD', 1920, 1080, 'No', 'Yes', 'No', 1, 3, 63, 256, '1024', 'SSD', 'HDD', 3, 30),
	(579, 8, 'GT73VR Titan', 'Gaming', 17, 2, 3, 4, 2729, 'Full HD', 1920, 1080, 'No', 'No', 'No', 1, 3, 33, 512, '1024', 'SSD', 'HDD', 3, 30),
	(580, 5, 'Inspiron 3567', 'Notebook', 16, 1, 5, 2, 749, 'Full HD', 1920, 1080, 'No', 'No', 'No', 1, 3, 9, 256, '0', 'SSD', 'No', 2, 12),
	(581, 15, 'SmartBook Edge', 'Notebook', 14, 3, 3, 1, 389, 'Full HD', 1920, 1080, 'No', 'Yes', 'No', 1, 1, 49, 32, '0', 'SSD', 'No', 1, 22),
	(582, 5, 'Latitude 5580', 'Notebook', 16, 1, 3, 2, 1009, 'Standard', 1366, 768, 'No', 'No', 'No', 1, 3, 48, 500, '0', 'HDD', 'No', 1, 3),
	(583, 2, 'ProBook 430', 'Notebook', 13, 3, 3, 1, 719, 'Full HD', 1920, 1080, 'No', 'No', 'No', 1, 2, 10, 128, '0', 'SSD', 'No', 1, 3),
	(584, 5, 'Latitude 5580', 'Notebook', 16, 2, 3, 2, 1537, 'Full HD', 1920, 1080, 'No', 'No', 'No', 1, 3, 43, 256, '0', 'SSD', 'No', 3, 20),
	(585, 5, 'Chromebook 11', 'Netbook', 12, 3, 8, 1, 295, 'Standard', 1366, 768, 'No', 'No', 'No', 1, 2, 24, 16, '0', 'Flash Storage', 'No', 1, 16),
	(586, 8, 'GT80S 6QE', 'Gaming', 17, 2, 3, 5, 2349, 'Full HD', 1920, 1080, 'No', 'No', 'No', 1, 3, 63, 128, '1024', 'SSD', 'HDD', 3, 49),
	(587, 2, 'Omen 17-AN010nv', 'Gaming', 17, 2, 3, 4, 1498, 'Full HD', 1920, 1080, 'No', 'Yes', 'No', 1, 3, 20, 256, '1024', 'SSD', 'HDD', 3, 17),
	(588, 6, 'Thinkpad T460s', 'Ultrabook', 14, 5, 3, 1, 1673, 'Full HD', 1920, 1080, 'No', 'Yes', 'No', 1, 3, 39, 256, '0', 'SSD', 'No', 1, 10),
	(589, 6, 'Ideapad 320-15IKBR', 'Notebook', 16, 5, 3, 2, 609, 'Standard', 1366, 768, 'Yes', 'No', 'No', 1, 2, 5, 1024, '0', 'HDD', 'No', 1, 3),
	(590, 4, 'ROG Strix', 'Gaming', 17, 1, 3, 3, 1770, 'Full HD', 1920, 1080, 'No', 'Yes', 'No', 1, 3, 12, 128, '1024', 'SSD', 'HDD', 3, 23),
	(591, 4, 'TP501UA-CJ131T (i5-7200U/8GB/1TB/W10)', '2 in 1 Convertible', 16, 1, 3, 2, 739, 'Standard', 1366, 768, 'Yes', 'No', 'No', 1, 3, 2, 1024, '0', 'HDD', 'No', 1, 10),
	(592, 6, 'IdeaPad 320-15ABR', 'Notebook', 16, 5, 3, 2, 949, 'Full HD', 1920, 1080, 'No', 'No', 'No', 2, 4, 47, 512, '0', 'SSD', 'No', 2, 19),
	(593, 5, 'Inspiron 3179', '2 in 1 Convertible', 12, 3, 3, 1, 603, 'Standard', 1366, 768, 'Yes', 'No', 'No', 1, 1, 64, 128, '0', 'SSD', 'No', 1, 13),
	(594, 16, 'Notebook Odyssey', 'Notebook', 16, 2, 3, 3, 1699, 'Full HD', 1920, 1080, 'No', 'No', 'No', 1, 3, 20, 128, '1024', 'SSD', 'HDD', 3, 17),
	(595, 6, 'V320-17ISK (i3-6006U/4GB/500GB/FHD/No', 'Notebook', 17, 3, 2, 3, 529, 'Full HD', 1920, 1080, 'No', 'No', 'No', 1, 2, 7, 500, '0', 'HDD', 'No', 1, 10),
	(596, 6, 'IdeaPad 110-15ISK', 'Notebook', 16, 1, 3, 2, 459, 'Standard', 1366, 768, 'No', 'No', 'No', 1, 2, 59, 1024, '0', 'HDD', 'No', 1, 10),
	(597, 6, 'ThinkPad Yoga', '2 in 1 Convertible', 13, 1, 3, 1, 2025, 'Full HD', 1920, 1080, 'Yes', 'Yes', 'No', 1, 3, 9, 512, '0', 'SSD', 'No', 1, 3),
	(598, 6, 'Thinkpad T470p', 'Notebook', 14, 1, 3, 2, 1474, 'Full HD', 1920, 1080, 'No', 'Yes', 'No', 1, 3, 12, 256, '0', 'SSD', 'No', 1, 52),
	(599, 5, 'Latitude 5289', '2 in 1 Convertible', 13, 1, 3, 1, 1670, 'Full HD', 1920, 1080, 'Yes', 'No', 'No', 1, 3, 2, 256, '0', 'SSD', 'No', 1, 3),
	(600, 5, 'Precision 3520', 'Workstation', 16, 1, 3, 2, 1763, 'Full HD', 1920, 1080, 'Yes', 'No', 'No', 1, 3, 20, 256, '0', 'SSD', 'No', 3, 62),
	(601, 2, 'EliteBook 850', 'Notebook', 16, 1, 3, 2, 1219, 'Full HD', 1920, 1080, 'No', 'No', 'No', 1, 3, 9, 256, '0', 'SSD', 'No', 1, 3),
	(602, 2, 'ProBook 450', 'Notebook', 16, 3, 3, 2, 668, 'Standard', 1366, 768, 'No', 'No', 'No', 1, 2, 10, 500, '0', 'HDD', 'No', 1, 3),
	(603, 3, 'Aspire 1', 'Notebook', 14, 3, 3, 2, 329, 'Full HD', 1920, 1080, 'No', 'No', 'No', 1, 1, 49, 32, '0', 'Flash Storage', 'No', 1, 22),
	(604, 8, 'Laptop MSI', 'Gaming', 17, 2, 3, 4, 2199, 'Full HD', 1920, 1080, 'No', 'No', 'No', 1, 3, 63, 128, '1024', 'SSD', 'HDD', 3, 71),
	(605, 5, 'Vostro 3568', 'Notebook', 16, 3, 5, 2, 465, 'Standard', 1366, 768, 'No', 'No', 'No', 1, 2, 7, 1024, '0', 'HDD', 'No', 2, 41),
	(606, 8, 'GS63VR 7RF', 'Gaming', 16, 2, 3, 2, 2299, '4K Ultra HD', 3840, 2160, 'No', 'No', 'No', 1, 3, 20, 256, '2048', 'SSD', 'HDD', 3, 23),
	(607, 10, 'Tecra Z50-C-144', 'Notebook', 16, 1, 3, 2, 1399, 'Full HD', 1920, 1080, 'No', 'Yes', 'No', 1, 3, 35, 256, '0', 'SSD', 'No', 1, 10),
	(608, 6, 'IdeaPad 310-15IKB', 'Notebook', 16, 6, 3, 2, 564, 'Full HD', 1920, 1080, 'No', 'No', 'No', 1, 3, 2, 1024, '0', 'HDD', 'No', 1, 3),
	(609, 6, 'Yoga 720-15IKB', '2 in 1 Convertible', 16, 1, 3, 2, 1299, 'Full HD', 1920, 1080, 'Yes', 'Yes', 'No', 1, 3, 20, 256, '0', 'SSD', 'No', 1, 52),
	(610, 3, 'Swift SF114-31-P5HY', 'Notebook', 14, 3, 3, 2, 349, 'Standard', 1366, 768, 'No', 'No', 'No', 1, 2, 46, 128, '0', 'Flash Storage', 'No', 1, 56),
	(611, 6, 'Thinkpad P51', 'Notebook', 16, 7, 3, 3, 4899, '4K Ultra HD', 3840, 2160, 'No', 'Yes', 'No', 1, 3, 65, 1024, '0', 'SSD', 'No', 3, 60),
	(612, 5, 'Inspiron 7559', 'Gaming', 16, 2, 3, 3, 879, 'Full HD', 1920, 1080, 'No', 'No', 'No', 1, 3, 58, 1024, '0', 'HDD', 'No', 3, 72),
	(613, 5, 'Vostro 3568', 'Notebook', 16, 3, 5, 2, 444, 'Standard', 1366, 768, 'No', 'No', 'No', 1, 2, 7, 1024, '0', 'HDD', 'No', 1, 10),
	(614, 5, 'Inspiron 3567', 'Notebook', 16, 3, 5, 2, 359, 'Standard', 1366, 768, 'No', 'No', 'No', 1, 2, 7, 1024, '0', 'HDD', 'No', 1, 10),
	(615, 5, 'Latitude 5580', 'Notebook', 16, 3, 5, 2, 869, 'Standard', 1366, 768, 'No', 'No', 'No', 1, 3, 48, 500, '0', 'HDD', 'No', 1, 3),
	(616, 4, 'FX753VD-GC007T (i7-7700HQ/8GB/1TB', 'Gaming', 17, 1, 3, 3, 1168, 'Full HD', 1920, 1080, 'No', 'No', 'No', 1, 3, 20, 128, '1024', 'SSD', 'HDD', 3, 17),
	(617, 5, 'Vostro 3568', 'Notebook', 16, 3, 5, 2, 569, 'Full HD', 1920, 1080, 'No', 'No', 'No', 1, 3, 2, 128, '0', 'SSD', 'No', 2, 41),
	(618, 2, 'EliteBook 850', 'Ultrabook', 16, 1, 3, 2, 1389, 'Full HD', 1920, 1080, 'No', 'No', 'No', 1, 3, 9, 512, '0', 'SSD', 'No', 1, 3),
	(619, 8, 'GT62VR 7RE', 'Gaming', 16, 2, 3, 3, 2268, 'Full HD', 1920, 1080, 'No', 'No', 'No', 1, 3, 20, 256, '1024', 'SSD', 'HDD', 3, 30),
	(620, 3, 'CB5-132T-C9KK (N3160/4GB/32GB/Chrome', '2 in 1 Convertible', 12, 3, 8, 1, 379, 'Standard', 1366, 768, 'Yes', 'Yes', 'No', 1, 2, 66, 32, '0', 'Flash Storage', 'No', 1, 16),
	(621, 2, 'ProBook 650', 'Notebook', 14, 1, 3, 2, 1124, 'Standard', 1366, 768, 'No', 'No', 'No', 1, 3, 48, 256, '0', 'SSD', 'No', 1, 3),
	(622, 6, 'ThinkPad T470', 'Notebook', 14, 1, 9, 2, 1465, 'Full HD', 1920, 1080, 'No', 'No', 'No', 1, 2, 28, 256, '0', 'SSD', 'No', 1, 10),
	(623, 5, 'Inspiron 5570', 'Notebook', 16, 3, 3, 2, 776, 'Full HD', 1920, 1080, 'No', 'No', 'No', 1, 2, 6, 1024, '0', 'HDD', 'No', 2, 19),
	(624, 18, 'LifeBook A557', 'Notebook', 16, 1, 3, 2, 799, 'Standard', 1366, 768, 'No', 'No', 'No', 1, 3, 2, 256, '0', 'SSD', 'No', 1, 3),
	(625, 2, 'EliteBook 850', 'Notebook', 16, 3, 9, 2, 932, 'Standard', 1366, 768, 'No', 'No', 'No', 1, 2, 28, 500, '0', 'HDD', 'No', 1, 10),
	(626, 6, 'IdeaPad 320-15IKB', 'Notebook', 16, 1, 3, 2, 899, 'Full HD', 1920, 1080, 'No', 'No', 'No', 1, 3, 9, 1024, '0', 'HDD', 'No', 3, 27),
	(627, 15, 'SmartBook 140', 'Notebook', 14, 4, 3, 1, 239, 'Full HD', 1920, 1080, 'No', 'No', 'No', 1, 1, 11, 32, '0', 'Flash Storage', 'No', 1, 21),
	(628, 6, 'IdeaPad 320-15IKBN', 'Notebook', 16, 3, 2, 2, 468, 'Full HD', 1920, 1080, 'No', 'No', 'No', 1, 3, 2, 128, '0', 'SSD', 'No', 1, 3),
	(629, 4, 'Q304UA-BHI5T11 (i5-7200U/6GB/1TB/FHD/W10)', '2 in 1 Convertible', 13, 6, 3, 2, 639, 'Full HD', 1920, 1080, 'Yes', 'No', 'No', 1, 3, 2, 1024, '0', 'HDD', 'No', 1, 3),
	(630, 5, 'XPS 15', 'Notebook', 16, 1, 3, 2, 1820, 'Full HD', 1920, 1080, 'No', 'No', 'No', 1, 3, 20, 256, '0', 'SSD', 'No', 3, 17),
	(631, 4, 'ZenBook 3', 'Ultrabook', 14, 2, 3, 1, 1900, 'Full HD', 1920, 1080, 'No', 'No', 'No', 1, 3, 9, 512, '0', 'SSD', 'No', 1, 3),
	(632, 5, 'Inspiron 7567', 'Gaming', 16, 2, 3, 3, 1479, 'Full HD', 1920, 1080, 'No', 'No', 'No', 1, 3, 20, 256, '1024', 'SSD', 'HDD', 3, 31),
	(633, 6, 'V330-15IKB (i5-8250U/4GB/256GB/FHD/W10)', 'Notebook', 16, 3, 3, 2, 829, 'Full HD', 1920, 1080, 'No', 'No', 'No', 1, 2, 6, 256, '0', 'SSD', 'No', 1, 9),
	(634, 6, 'Ideapad 320-15ISK', 'Notebook', 16, 3, 3, 2, 579, 'Full HD', 1920, 1080, 'No', 'No', 'No', 1, 2, 7, 1024, '0', 'HDD', 'No', 3, 27),
	(635, 4, 'X541NA-GO414T (N3350/8GB/1TB/W10)', 'Notebook', 16, 1, 3, 2, 399, 'Standard', 1366, 768, 'No', 'No', 'No', 1, 1, 18, 1024, '0', 'HDD', 'No', 1, 22),
	(636, 4, 'VivoBook Pro', 'Notebook', 16, 1, 3, 2, 907, 'Full HD', 1920, 1080, 'No', 'No', 'No', 1, 3, 12, 1024, '0', 'HDD', 'No', 3, 17),
	(637, 5, 'XPS 13', 'Ultrabook', 13, 1, 3, 1, 1869, 'Quad HD+', 3200, 1800, 'Yes', 'No', 'No', 1, 2, 6, 256, '0', 'SSD', 'No', 1, 9),
	(638, 6, 'IdeaPad 100S-14IBR', 'Notebook', 14, 4, 3, 1, 249, 'Standard', 1366, 768, 'No', 'No', 'No', 1, 2, 24, 32, '0', 'Flash Storage', 'No', 1, 16),
	(639, 6, 'Thinkpad Yoga', '2 in 1 Convertible', 13, 1, 3, 1, 1757, 'Full HD', 1920, 1080, 'Yes', 'Yes', 'No', 1, 3, 9, 256, '0', 'SSD', 'No', 1, 3),
	(640, 5, 'XPS 15', 'Notebook', 16, 2, 3, 2, 2399, '4K Ultra HD', 3840, 2160, 'Yes', 'No', 'No', 1, 3, 20, 1024, '0', 'SSD', 'No', 3, 17),
	(641, 6, 'Legion Y520-15IKBN', 'Gaming', 16, 1, 3, 3, 1109, 'Full HD', 1920, 1080, 'No', 'Yes', 'No', 1, 3, 20, 128, '1024', 'SSD', 'HDD', 3, 39),
	(642, 2, '17-AK091ND (A9-9420/8GB/1TB/W10)', 'Notebook', 17, 1, 3, 3, 521, 'Standard', 1600, 900, 'No', 'No', 'No', 2, 3, 4, 1024, '0', 'HDD', 'No', 2, 6),
	(643, 6, 'ThinkPad X1', 'Ultrabook', 14, 2, 3, 1, 2450, 'Full HD', 1920, 1080, 'No', 'Yes', 'No', 1, 3, 9, 512, '0', 'SSD', 'No', 1, 3),
	(644, 4, 'ROG GL553VE-FY022', 'Gaming', 16, 1, 2, 3, 1169, 'Full HD', 1920, 1080, 'No', 'Yes', 'No', 1, 3, 20, 1024, '0', 'HDD', 'No', 3, 31),
	(645, 3, 'Extensa EX2540', 'Notebook', 16, 3, 3, 2, 450, 'Standard', 1366, 768, 'No', 'No', 'No', 1, 2, 7, 500, '0', 'HDD', 'No', 1, 10),
	(646, 6, 'IdeaPad 100S-14IBR', 'Notebook', 14, 3, 3, 1, 274, 'Standard', 1366, 768, 'No', 'No', 'No', 1, 2, 24, 32, '0', 'Flash Storage', 'No', 1, 21),
	(647, 3, 'Swift 3', 'Ultrabook', 14, 1, 3, 2, 919, 'Full HD', 1920, 1080, 'No', 'Yes', 'No', 1, 3, 2, 256, '0', 'SSD', 'No', 1, 73),
	(648, 14, 'Blade Pro', 'Gaming', 14, 2, 3, 2, 2599, 'Full HD', 1920, 1080, 'No', 'No', 'No', 1, 3, 20, 256, '0', 'SSD', 'No', 3, 23),
	(649, 10, 'Portege Z30-C-16J', 'Notebook', 13, 1, 3, 1, 1213, 'Full HD', 1920, 1080, 'No', 'No', 'No', 1, 2, 28, 256, '0', 'SSD', 'No', 1, 10),
	(650, 6, 'Thinkpad X270', 'Ultrabook', 13, 1, 3, 1, 1584, 'Full HD', 1920, 1080, 'No', 'Yes', 'No', 1, 3, 9, 256, '0', 'SSD', 'No', 1, 3),
	(651, 4, 'ROG G701VI', 'Gaming', 17, 7, 3, 4, 2799, 'Full HD', 1920, 1080, 'No', 'Yes', 'No', 1, 3, 63, 512, '0', 'SSD', 'No', 3, 45),
	(652, 3, 'A715-71G-59DH (i5-7300HQ/8GB/1TB/GeForce', 'Gaming', 16, 1, 5, 2, 709, 'Full HD', 1920, 1080, 'No', 'No', 'No', 1, 3, 12, 1024, '0', 'HDD', 'No', 3, 17),
	(653, 5, 'XPS 13', 'Ultrabook', 13, 1, 3, 1, 1450, 'Full HD', 1920, 1080, 'No', 'No', 'No', 1, 2, 6, 256, '0', 'SSD', 'No', 1, 9),
	(654, 8, 'GL62M 7REX', 'Gaming', 16, 1, 3, 2, 1192, 'Full HD', 1920, 1080, 'No', 'No', 'No', 1, 3, 20, 128, '1024', 'SSD', 'HDD', 3, 31),
	(655, 2, '250 G6', 'Notebook', 16, 3, 2, 2, 365, 'Standard', 1366, 768, 'No', 'No', 'No', 1, 2, 7, 500, '0', 'HDD', 'No', 1, 10),
	(656, 10, 'Tecra A50-D-11M', 'Notebook', 16, 1, 3, 2, 1064, 'Full HD', 1920, 1080, 'No', 'Yes', 'No', 1, 3, 2, 500, '0', 'HDD', 'No', 1, 3),
	(657, 5, 'Inspiron 5570', 'Notebook', 16, 1, 3, 2, 919, 'Full HD', 1920, 1080, 'No', 'No', 'No', 1, 2, 5, 256, '0', 'SSD', 'No', 2, 19),
	(658, 5, 'Inspiron 5570', 'Notebook', 16, 2, 3, 2, 1135, 'Full HD', 1920, 1080, 'No', 'No', 'No', 1, 2, 5, 256, '2048', 'SSD', 'HDD', 2, 19),
	(659, 6, 'IdeaPad Y700-15ISK', 'Gaming', 16, 1, 3, 3, 1196, 'Full HD', 1920, 1080, 'No', 'Yes', 'No', 1, 3, 58, 128, '1024', 'SSD', 'HDD', 3, 74),
	(660, 5, 'Alienware 17', 'Gaming', 17, 7, 3, 4, 3147, '4K Ultra HD', 3840, 2160, 'No', 'Yes', 'No', 1, 3, 20, 512, '1024', 'SSD', 'HDD', 3, 30),
	(661, 5, 'Latitude E7470', 'Notebook', 14, 1, 3, 2, 1229, 'Full HD', 1920, 1080, 'No', 'No', 'No', 1, 2, 67, 256, '0', 'SSD', 'No', 1, 10),
	(662, 6, 'Ideapad 320-15IAP', 'Notebook', 16, 3, 3, 2, 419, 'Standard', 1366, 768, 'No', 'No', 'No', 1, 1, 18, 500, '0', 'HDD', 'No', 1, 22),
	(663, 6, 'IdeaPad 320-15ISK', 'Notebook', 16, 3, 3, 2, 535, 'Full HD', 1920, 1080, 'No', 'No', 'No', 1, 2, 28, 500, '0', 'HDD', 'No', 1, 10),
	(664, 2, '15-ay047nv (i3-6006U/6GB/1TB/Radeon', 'Notebook', 16, 6, 3, 2, 539, 'Standard', 1920, 1080, 'No', 'No', 'No', 1, 2, 7, 1024, '0', 'HDD', 'No', 2, 12),
	(665, 8, 'GP72VR Leopard', 'Gaming', 17, 1, 3, 3, 1487, 'Full HD', 1920, 1080, 'No', 'No', 'No', 1, 3, 20, 128, '1024', 'SSD', 'HDD', 3, 23),
	(666, 10, 'Satellite Pro', 'Notebook', 16, 3, 3, 2, 498, 'Standard', 1366, 768, 'No', 'No', 'No', 1, 2, 59, 128, '0', 'SSD', 'No', 1, 10),
	(667, 5, 'Latitude 3580', 'Notebook', 16, 1, 3, 2, 955, 'Full HD', 1920, 1080, 'No', 'No', 'No', 1, 3, 2, 1024, '0', 'HDD', 'No', 1, 3),
	(668, 2, '15-bs012nv (i7-7500U/8GB/1TB/Radeon', 'Notebook', 16, 1, 3, 2, 745, 'Full HD', 1920, 1080, 'No', 'No', 'No', 1, 3, 9, 1024, '0', 'HDD', 'No', 2, 19),
	(669, 10, 'Tecra Z50-D-10E', 'Notebook', 16, 1, 3, 2, 1258, 'Full HD', 1920, 1080, 'No', 'Yes', 'No', 1, 3, 2, 256, '0', 'SSD', 'No', 1, 3),
	(670, 3, 'Aspire 3', 'Notebook', 16, 3, 5, 2, 412, 'Standard', 1366, 768, 'No', 'No', 'No', 1, 2, 7, 128, '0', 'SSD', 'No', 1, 10),
	(671, 9, 'Surface Laptop', 'Ultrabook', 14, 1, 7, 1, 1868, 'Standard', 2256, 1504, 'Yes', 'No', 'No', 1, 3, 43, 256, '0', 'SSD', 'No', 1, 1),
	(672, 6, 'V310-15ISK (i5-7200U/8GB/1TB', 'Notebook', 16, 1, 3, 2, 818, 'Full HD', 1920, 1080, 'No', 'No', 'No', 1, 3, 2, 128, '1024', 'SSD', 'HDD', 2, 12),
	(673, 6, 'Yoga 720-13IKB', '2 in 1 Convertible', 13, 1, 3, 1, 1034, 'Full HD', 1920, 1080, 'Yes', 'Yes', 'No', 1, 3, 2, 256, '0', 'SSD', 'No', 1, 3),
	(674, 6, 'IdeaPad 320-15AST', 'Notebook', 16, 3, 3, 2, 349, 'Standard', 1366, 768, 'No', 'No', 'No', 2, 2, 68, 128, '0', 'SSD', 'No', 2, 69),
	(675, 2, 'Pavilion X360', '2 in 1 Convertible', 14, 3, 3, 2, 699, 'Full HD', 1920, 1080, 'Yes', 'Yes', 'No', 1, 2, 10, 128, '0', 'SSD', 'No', 3, 15),
	(676, 8, 'GP62 7RDX', 'Gaming', 16, 2, 3, 2, 1294, 'Full HD', 1920, 1080, 'No', 'No', 'No', 1, 3, 20, 256, '1024', 'SSD', 'HDD', 3, 17),
	(677, 4, 'Zenbook 3', 'Ultrabook', 14, 1, 3, 1, 1135, 'Full HD', 1920, 1080, 'No', 'No', 'No', 1, 3, 2, 256, '0', 'SSD', 'No', 1, 3),
	(678, 2, 'Chromebook X360', '2 in 1 Convertible', 12, 1, 8, 1, 495, 'Standard', 1366, 768, 'Yes', 'No', 'No', 1, 1, 18, 64, '0', 'Flash Storage', 'No', 1, 22),
	(679, 19, 'Gram 15Z975', 'Ultrabook', 16, 1, 3, 1, 2299, 'Full HD', 1920, 1080, 'No', 'Yes', 'No', 1, 2, 5, 512, '0', 'SSD', 'No', 1, 3),
	(680, 3, 'Aspire VX5-591G', 'Gaming', 16, 2, 3, 3, 1299, 'Full HD', 1920, 1080, 'No', 'No', 'No', 1, 3, 12, 256, '0', 'SSD', 'No', 3, 31),
	(681, 8, 'GV62M 7RD', 'Gaming', 16, 1, 3, 2, 998, 'Full HD', 1920, 1080, 'No', 'No', 'No', 1, 3, 12, 256, '0', 'SSD', 'No', 3, 17),
	(682, 4, 'L502NA-GO052T (N3350/4GB/128GB/W10)', 'Notebook', 16, 3, 3, 2, 419, 'Standard', 1366, 768, 'No', 'No', 'No', 1, 1, 18, 128, '0', 'SSD', 'No', 1, 22),
	(683, 5, 'Alienware 15', 'Gaming', 16, 2, 3, 3, 2051, 'Full HD', 1920, 1080, 'No', 'No', 'No', 1, 3, 12, 128, '1024', 'SSD', 'HDD', 3, 23),
	(684, 2, '17-bs000nv I3', 'Notebook', 17, 3, 3, 3, 699, 'Full HD', 1920, 1080, 'No', 'Yes', 'No', 1, 2, 7, 256, '0', 'SSD', 'No', 2, 75),
	(685, 6, 'Yoga 730', '2 in 1 Convertible', 13, 1, 3, 1, 1499, 'Full HD', 1920, 1080, 'Yes', 'Yes', 'No', 1, 2, 5, 512, '0', 'SSD', 'No', 1, 9),
	(686, 5, 'Alienware 15', 'Gaming', 16, 2, 3, 3, 2814, 'Full HD', 1920, 1080, 'No', 'No', 'No', 1, 3, 33, 256, '1024', 'SSD', 'HDD', 3, 30),
	(687, 2, '250 G6', 'Notebook', 16, 3, 3, 2, 613, 'Standard', 1366, 768, 'No', 'No', 'No', 1, 3, 2, 500, '0', 'HDD', 'No', 2, 29),
	(688, 5, 'Inspiron 3567', 'Notebook', 16, 3, 3, 2, 546, 'Standard', 1366, 768, 'No', 'No', 'No', 1, 2, 7, 1024, '0', 'HDD', 'No', 2, 12),
	(689, 2, '17-Y002nv (A10-9600P/6GB/2TB/Radeon', 'Notebook', 17, 6, 3, 3, 569, 'Full HD', 1920, 1080, 'No', 'Yes', 'No', 2, 2, 42, 2048, '0', 'HDD', 'No', 2, 76),
	(690, 6, 'V110-15ISK (3855U/4GB/500GB/W10)', 'Notebook', 16, 3, 3, 2, 318, 'Standard', 1366, 768, 'No', 'No', 'No', 1, 2, 45, 500, '0', 'HDD', 'No', 1, 55),
	(691, 3, 'Chromebook 14', 'Notebook', 14, 3, 8, 1, 375, 'Standard', 1366, 768, 'No', 'No', 'No', 1, 2, 45, 32, '0', 'Flash Storage', 'No', 1, 55),
	(692, 6, 'IdeaPad 520s-14IKB', 'Notebook', 14, 3, 3, 2, 699, 'Full HD', 1920, 1080, 'No', 'No', 'No', 1, 3, 2, 256, '0', 'SSD', 'No', 1, 3),
	(693, 2, 'ZBook 17', 'Workstation', 17, 1, 3, 3, 1908, 'Full HD', 1920, 1080, 'No', 'No', 'No', 1, 3, 20, 500, '0', 'HDD', 'No', 3, 46),
	(694, 6, 'ThinkPad X1', '2 in 1 Convertible', 14, 1, 3, 1, 2590, 'Standard', 2560, 1440, 'Yes', 'No', 'No', 1, 3, 9, 256, '0', 'SSD', 'No', 1, 3),
	(695, 10, 'Satellite Pro', 'Notebook', 13, 1, 3, 2, 973, 'Full HD', 1920, 1080, 'No', 'Yes', 'No', 1, 3, 2, 256, '0', 'SSD', 'No', 1, 3),
	(696, 3, 'TravelMate B117-M', 'Netbook', 12, 3, 3, 1, 269, 'Standard', 1366, 768, 'No', 'No', 'No', 1, 2, 69, 32, '0', 'Flash Storage', 'No', 1, 21),
	(697, 6, 'Yoga 910-13IKB', '2 in 1 Convertible', 14, 2, 3, 1, 1749, 'Full HD', 1920, 1080, 'Yes', 'No', 'No', 1, 3, 9, 512, '0', 'SSD', 'No', 1, 3),
	(698, 4, 'Chromebook Flip', '2 in 1 Convertible', 13, 3, 8, 1, 669, 'Full HD', 1920, 1080, 'Yes', 'No', 'No', 1, 1, 70, 64, '0', 'Flash Storage', 'No', 1, 40),
	(699, 10, 'Portege Z30T-C-133', 'Ultrabook', 13, 2, 3, 1, 1877, 'Full HD', 1920, 1080, 'Yes', 'No', 'No', 1, 3, 35, 512, '0', 'SSD', 'No', 1, 10),
	(700, 2, '15-bs011nv (i7-7500U/4GB/500GB/Radeon', 'Notebook', 16, 3, 3, 2, 689, 'Full HD', 1920, 1080, 'No', 'Yes', 'No', 1, 3, 9, 500, '0', 'HDD', 'No', 2, 19),
	(701, 5, 'Inspiron 5577', 'Gaming', 16, 1, 3, 3, 819, 'Full HD', 1920, 1080, 'No', 'No', 'No', 1, 3, 12, 1024, '0', 'HDD', 'No', 3, 17),
	(702, 6, 'IdeaPad 320-15AST', 'Notebook', 16, 3, 3, 2, 399, 'Full HD', 1920, 1080, 'No', 'No', 'No', 2, 3, 4, 256, '0', 'SSD', 'No', 2, 19),
	(703, 6, 'IdeaPad 320-15ABR', 'Notebook', 16, 1, 3, 2, 429, 'Standard', 1366, 768, 'No', 'No', 'No', 2, 4, 47, 1024, '0', 'HDD', 'No', 2, 77),
	(704, 6, 'V310-15IKB (i5-7200U/4GB/1TB/FHD/W10)', 'Notebook', 16, 3, 3, 2, 621, 'Full HD', 1920, 1080, 'No', 'No', 'No', 1, 3, 2, 1024, '1024', 'HDD', 'HDD', 1, 3),
	(705, 6, 'V310-15ISK (i3-6006U/4GB/500GB/No', 'Notebook', 16, 3, 2, 2, 450, 'Standard', 1366, 768, 'No', 'No', 'No', 1, 2, 7, 500, '0', 'HDD', 'No', 1, 10),
	(706, 5, 'Vostro 5568', 'Notebook', 16, 1, 3, 2, 795, 'Full HD', 1920, 1080, 'No', 'No', 'No', 1, 3, 2, 256, '0', 'SSD', 'No', 1, 3),
	(707, 3, 'Spin 5', '2 in 1 Convertible', 13, 1, 3, 2, 999, 'Full HD', 1920, 1080, 'Yes', 'Yes', 'No', 1, 2, 6, 256, '0', 'SSD', 'No', 1, 9),
	(708, 6, 'ThinkPad P51s', 'Workstation', 16, 2, 9, 2, 1855, 'Full HD', 1920, 1080, 'No', 'No', 'No', 1, 3, 35, 512, '0', 'SSD', 'No', 3, 78),
	(709, 6, 'Thinkpad T460p', 'Notebook', 14, 1, 3, 2, 1191, 'Full HD', 1920, 1080, 'No', 'No', 'No', 1, 2, 71, 256, '0', 'SSD', 'No', 1, 10),
	(710, 2, '17-ak002nv (A10-9620P/6GB/2TB/Radeon', 'Notebook', 17, 6, 3, 3, 655, 'Full HD', 1920, 1080, 'No', 'Yes', 'No', 2, 3, 60, 2048, '0', 'HDD', 'No', 2, 19),
	(711, 6, 'Legion Y520-15IKBN', 'Gaming', 16, 1, 3, 3, 1249, 'Full HD', 1920, 1080, 'No', 'Yes', 'No', 1, 3, 20, 128, '1024', 'SSD', 'HDD', 3, 31),
	(712, 5, 'Latitude 5480', 'Notebook', 14, 1, 5, 2, 1089, 'Full HD', 1920, 1080, 'No', 'No', 'No', 1, 3, 54, 256, '0', 'SSD', 'No', 3, 20),
	(713, 5, 'Vostro 5568', 'Notebook', 16, 1, 5, 2, 726, 'Full HD', 1920, 1080, 'No', 'No', 'No', 1, 3, 2, 1024, '0', 'HDD', 'No', 1, 3),
	(714, 4, 'VivoBook E403NA', 'Notebook', 14, 3, 3, 2, 298, 'Full HD', 1920, 1080, 'No', 'No', 'No', 1, 1, 18, 32, '0', 'Flash Storage', 'No', 1, 22),
	(715, 5, 'Latitude 5580', 'Notebook', 16, 2, 3, 2, 1427, 'Full HD', 1920, 1080, 'No', 'No', 'No', 1, 3, 48, 512, '0', 'SSD', 'No', 1, 3),
	(716, 6, 'Thinkpad E470', 'Notebook', 14, 1, 3, 2, 857, 'Full HD', 1920, 1080, 'No', 'Yes', 'No', 1, 3, 2, 256, '0', 'SSD', 'No', 3, 27),
	(717, 5, 'Latitude 5580', 'Notebook', 16, 1, 3, 2, 1179, 'Full HD', 1920, 1080, 'No', 'No', 'No', 1, 3, 48, 256, '0', 'SSD', 'No', 1, 3),
	(718, 6, '110-15ACL (A6-7310/4GB/500GB/W10)', 'Notebook', 16, 3, 3, 2, 298, 'Standard', 1366, 768, 'No', 'No', 'No', 2, 2, 72, 500, '0', 'HDD', 'No', 2, 61),
	(719, 15, 'Smartbook 142', 'Notebook', 14, 3, 3, 1, 265, 'Full HD', 1920, 1200, 'No', 'Yes', 'No', 1, 2, 73, 32, '0', 'HDD', 'No', 1, 16),
	(720, 2, 'ProBook 470', 'Notebook', 17, 1, 3, 3, 1200, 'Full HD', 1920, 1080, 'No', 'No', 'No', 1, 3, 9, 256, '0', 'SSD', 'No', 3, 20),
	(721, 6, 'ThinkPad X1', 'Ultrabook', 14, 1, 3, 1, 1687, 'Quad HD+', 2560, 1440, 'No', 'Yes', 'No', 1, 3, 35, 512, '0', 'SSD', 'No', 1, 10),
	(722, 2, 'Pavilion X360', '2 in 1 Convertible', 13, 1, 3, 2, 837, 'Standard', 1366, 768, 'Yes', 'Yes', 'No', 1, 3, 2, 256, '0', 'SSD', 'No', 1, 3),
	(723, 6, 'ThinkPad T470s', 'Ultrabook', 14, 1, 3, 1, 1499, 'Full HD', 1920, 1080, 'No', 'Yes', 'No', 1, 3, 2, 256, '0', 'SSD', 'No', 1, 3),
	(724, 5, 'Alienware 17', 'Gaming', 17, 7, 3, 4, 3659, '4K Ultra HD', 3840, 2160, 'No', 'No', 'No', 1, 3, 20, 1024, '1024', 'SSD', 'HDD', 3, 30),
	(725, 8, 'GL72M 7REX', 'Gaming', 17, 1, 3, 3, 1348, 'Full HD', 1920, 1080, 'No', 'No', 'No', 1, 3, 20, 128, '1024', 'SSD', 'HDD', 3, 31),
	(726, 6, 'V310-15IKB (i5-7200U/4GB/1TB/No', 'Notebook', 16, 3, 2, 2, 490, 'Standard', 1366, 768, 'No', 'No', 'No', 1, 3, 2, 1024, '0', 'HDD', 'No', 1, 3),
	(727, 5, 'Inspiron 5570', 'Notebook', 16, 1, 3, 2, 719, 'Full HD', 1920, 1080, 'No', 'No', 'No', 1, 2, 6, 128, '1024', 'SSD', 'HDD', 2, 19),
	(728, 5, 'Inspiron 5378', '2 in 1 Convertible', 13, 3, 3, 2, 649, 'Full HD', 1920, 1080, 'Yes', 'No', 'No', 1, 2, 10, 1024, '0', 'HDD', 'No', 1, 3),
	(729, 5, 'Inspiron 5567', 'Notebook', 16, 1, 5, 2, 590, 'Standard', 1366, 768, 'No', 'No', 'No', 1, 3, 2, 1024, '0', 'HDD', 'No', 2, 37),
	(730, 2, '15-BW037na (A9-9420/4GB/1TB/Radeon', 'Notebook', 16, 3, 3, 2, 489, 'Full HD', 1920, 1080, 'No', 'No', 'No', 2, 3, 4, 1024, '0', 'HDD', 'No', 2, 29),
	(731, 3, 'Predator 17', 'Gaming', 17, 2, 3, 4, 1935, 'Full HD', 1920, 1080, 'No', 'Yes', 'No', 1, 3, 58, 128, '1024', 'SSD', 'HDD', 3, 23),
	(732, 5, 'Inspiron 3567', 'Notebook', 16, 5, 3, 2, 649, 'Standard', 1366, 768, 'No', 'No', 'No', 1, 3, 2, 1024, '0', 'HDD', 'No', 1, 3),
	(733, 2, '15-BW091ND (A9-9420/6GB/1TB', 'Notebook', 16, 6, 3, 2, 650, 'Full HD', 1920, 1080, 'No', 'No', 'No', 2, 3, 62, 128, '1024', 'SSD', 'HDD', 2, 29),
	(734, 3, 'Extensa EX2540-58KR', 'Notebook', 16, 3, 3, 2, 559, 'Standard', 1366, 768, 'No', 'No', 'No', 1, 3, 2, 500, '0', 'HDD', 'No', 1, 3),
	(735, 6, 'ThinkPad 13', 'Notebook', 13, 1, 3, 1, 960, 'Full HD', 1920, 1080, 'No', 'Yes', 'No', 1, 3, 2, 256, '0', 'SSD', 'No', 1, 3),
	(736, 6, 'V310-15IKB (i7-7500U/4GB/1TB/FHD/W10)', 'Notebook', 16, 3, 3, 2, 779, 'Full HD', 1920, 1080, 'No', 'No', 'No', 1, 3, 9, 1024, '0', 'HDD', 'No', 1, 3),
	(737, 2, 'ZBook 15', 'Workstation', 16, 2, 3, 3, 2419, 'Full HD', 1920, 1080, 'No', 'No', 'No', 1, 3, 20, 256, '0', 'SSD', 'No', 3, 79),
	(738, 5, 'Inspiron 5379', '2 in 1 Convertible', 13, 1, 3, 2, 659, 'Full HD', 1920, 1080, 'Yes', 'No', 'No', 1, 2, 6, 1024, '0', 'HDD', 'No', 1, 9),
	(739, 8, 'GS63VR 7RF', 'Gaming', 16, 2, 3, 2, 2094, 'Full HD', 1920, 1080, 'No', 'No', 'No', 1, 3, 20, 256, '1024', 'SSD', 'HDD', 3, 23),
	(740, 3, 'Aspire ES1-572', 'Notebook', 16, 3, 3, 2, 411, 'Standard', 1366, 768, 'No', 'No', 'No', 1, 2, 7, 500, '0', 'HDD', 'No', 1, 10),
	(741, 5, 'Inspiron 7560', 'Notebook', 16, 1, 3, 2, 1207, 'Full HD', 1920, 1080, 'No', 'No', 'No', 1, 3, 9, 128, '1024', 'SSD', 'HDD', 3, 15),
	(742, 5, 'Vostro 3568', 'Notebook', 16, 1, 3, 2, 665, 'Standard', 1366, 768, 'No', 'No', 'No', 1, 2, 7, 256, '0', 'SSD', 'No', 1, 10),
	(743, 10, 'Tecra X40-D-10G', 'Notebook', 14, 1, 3, 1, 1535, 'Full HD', 1920, 1080, 'Yes', 'Yes', 'No', 1, 3, 2, 256, '0', 'SSD', 'No', 1, 3),
	(744, 6, 'Flex 5', '2 in 1 Convertible', 14, 1, 3, 2, 999, 'Full HD', 1920, 1080, 'Yes', 'No', 'No', 1, 3, 2, 256, '0', 'SSD', 'No', 1, 3),
	(745, 6, 'Thinkpad P51s', 'Workstation', 16, 2, 3, 3, 3299, '4K Ultra HD', 3840, 2160, 'No', 'Yes', 'No', 1, 3, 43, 1024, '0', 'SSD', 'No', 3, 78),
	(746, 3, 'Chromebook 14', 'Notebook', 14, 4, 8, 2, 330, 'Standard', 1366, 768, 'No', 'No', 'No', 1, 2, 24, 32, '0', 'Flash Storage', 'No', 1, 16),
	(747, 16, 'Notebook 9', 'Ultrabook', 13, 2, 3, 1, 1649, 'Full HD', 1920, 1080, 'No', 'No', 'No', 1, 3, 9, 256, '0', 'SSD', 'No', 1, 3),
	(748, 2, '250 G6', 'Notebook', 16, 1, 3, 2, 539, 'Full HD', 1920, 1080, 'No', 'No', 'No', 1, 2, 7, 256, '0', 'SSD', 'No', 1, 10),
	(749, 5, 'Latitude 5480', 'Notebook', 14, 1, 3, 2, 1127, 'Standard', 1366, 768, 'No', 'No', 'No', 1, 3, 2, 256, '0', 'SSD', 'No', 1, 3),
	(750, 2, 'Zbook 17', 'Workstation', 17, 2, 9, 3, 4389, 'Full HD', 1920, 1080, 'No', 'Yes', 'No', 1, 3, 74, 256, '0', 'SSD', 'No', 3, 80),
	(751, 6, 'N23 (N3060/4GB/128GB/W10)', 'Netbook', 12, 3, 3, 1, 475, 'Standard', 1366, 768, 'Yes', 'No', 'No', 1, 2, 24, 128, '0', 'SSD', 'No', 1, 16),
	(752, 2, 'EliteBook 850', 'Notebook', 16, 1, 3, 2, 1900, 'Full HD', 1920, 1080, 'No', 'No', 'No', 1, 2, 67, 256, '0', 'SSD', 'No', 1, 10),
	(753, 4, 'X550VX-XX015D (i5-6300HQ/4GB/1TB/GeForce', 'Notebook', 16, 3, 2, 2, 579, 'Standard', 1366, 768, 'No', 'No', 'No', 1, 2, 71, 1024, '0', 'HDD', 'No', 3, 47),
	(754, 6, 'Thinkpad T460', 'Ultrabook', 14, 3, 3, 2, 1096, 'Full HD', 1920, 1080, 'No', 'No', 'No', 1, 2, 28, 180, '0', 'SSD', 'No', 1, 10),
	(755, 4, 'Pro P2540UA-XO0192R', 'Notebook', 16, 3, 3, 2, 850, 'Standard', 1366, 768, 'No', 'No', 'No', 1, 3, 9, 256, '0', 'SSD', 'No', 1, 3),
	(756, 6, 'Yoga 900-13ISK', '2 in 1 Convertible', 13, 1, 3, 1, 1199, 'Quad HD+', 3200, 1800, 'Yes', 'Yes', 'No', 1, 2, 75, 256, '0', 'SSD', 'No', 1, 81),
	(757, 2, '15-cb003na (i5-7300HQ/8GB/1TB', 'Notebook', 16, 1, 3, 2, 1099, 'Full HD', 1920, 1080, 'No', 'Yes', 'No', 1, 3, 12, 128, '1024', 'SSD', 'HDD', 3, 17),
	(758, 2, 'ZBook 15', 'Workstation', 16, 1, 9, 3, 1561, 'Full HD', 1920, 1080, 'No', 'No', 'No', 1, 3, 58, 256, '0', 'SSD', 'No', 3, 82),
	(759, 5, 'Alienware 17', 'Gaming', 16, 2, 3, 4, 2869, '4K Ultra HD', 3840, 2160, 'No', 'Yes', 'No', 1, 3, 20, 256, '1024', 'SSD', 'HDD', 3, 30),
	(760, 3, 'Aspire 3', 'Notebook', 16, 3, 3, 2, 599, 'Standard', 1366, 768, 'No', 'No', 'No', 1, 3, 2, 256, '0', 'SSD', 'No', 1, 3),
	(761, 6, 'Legion Y520-15IKBN', 'Gaming', 16, 1, 3, 3, 1048, 'Full HD', 1920, 1080, 'No', 'Yes', 'No', 1, 3, 20, 128, '1024', 'SSD', 'HDD', 3, 17),
	(762, 5, 'Latitude 7280', 'Ultrabook', 13, 2, 3, 1, 1859, 'Full HD', 1920, 1080, 'No', 'No', 'No', 1, 3, 43, 256, '0', 'SSD', 'No', 1, 3),
	(763, 17, 'Pixelbook (Core', 'Ultrabook', 12, 1, 8, 1, 1559, 'Standard', 2400, 1600, 'Yes', 'No', 'No', 1, 1, 57, 256, '0', 'SSD', 'No', 1, 13),
	(764, 4, 'Zenbook UX330UA-AH5Q', 'Ultrabook', 13, 1, 3, 1, 1129, 'Quad HD+', 3200, 1800, 'No', 'Yes', 'No', 1, 3, 2, 256, '0', 'SSD', 'No', 1, 3),
	(765, 5, 'Latitude 3380', 'Notebook', 13, 3, 3, 2, 849, 'Standard', 1366, 768, 'No', 'No', 'No', 1, 2, 7, 500, '0', 'HDD', 'No', 1, 10),
	(766, 3, 'TravelMate P238-M', 'Notebook', 13, 3, 3, 2, 655, 'Standard', 1366, 768, 'No', 'No', 'No', 1, 2, 28, 128, '0', 'SSD', 'No', 1, 10),
	(767, 4, 'X751NV-TY001 (N4200/4GB/1TB/GeForce', 'Notebook', 17, 3, 3, 3, 470, 'Standard', 1366, 768, 'No', 'No', 'No', 1, 1, 22, 1024, '0', 'HDD', 'No', 3, 27),
	(768, 5, 'Inspiron 7559', 'Gaming', 16, 2, 3, 3, 1099, '4K Ultra HD', 3840, 2160, 'Yes', 'Yes', 'No', 1, 3, 58, 128, '1024', 'SSD', 'HDD', 3, 68),
	(769, 16, 'Notebook 9', 'Ultrabook', 13, 1, 3, 1, 1599, 'Full HD', 1920, 1080, 'Yes', 'No', 'No', 1, 3, 9, 256, '0', 'SSD', 'No', 1, 3),
	(770, 3, 'Aspire A315-31', 'Notebook', 16, 3, 5, 2, 298, 'Standard', 1366, 768, 'No', 'No', 'No', 1, 1, 22, 1024, '0', 'HDD', 'No', 1, 42),
	(771, 5, 'Inspiron 5567', 'Notebook', 16, 2, 3, 2, 1181, 'Full HD', 1920, 1080, 'No', 'No', 'No', 1, 3, 9, 256, '0', 'SSD', 'No', 2, 37),
	(772, 16, 'Notebook 9', '2 in 1 Convertible', 15, 2, 3, 2, 1799, 'Full HD', 1920, 1080, 'Yes', 'No', 'No', 1, 3, 9, 256, '0', 'SSD', 'No', 2, 83),
	(773, 10, 'Tecra A40-C-1E5', 'Notebook', 14, 3, 3, 2, 1020, 'Standard', 1366, 768, 'No', 'Yes', 'No', 1, 2, 28, 128, '0', 'SSD', 'No', 1, 10),
	(774, 5, 'Inspiron 7567', 'Gaming', 16, 1, 3, 3, 1099, 'Full HD', 1920, 1080, 'No', 'No', 'No', 1, 3, 20, 1024, '0', 'HDD', 'No', 3, 17),
	(775, 2, 'EliteBook 820', 'Ultrabook', 13, 3, 3, 1, 1244, 'Standard', 1366, 768, 'No', 'No', 'No', 1, 2, 28, 256, '0', 'SSD', 'No', 1, 10),
	(776, 4, 'Q524UQ-BHI7T15 (i7-7500U/12GB/2TB/GeForce', '2 in 1 Convertible', 16, 5, 3, 2, 839, 'Full HD', 1920, 1080, 'Yes', 'No', 'No', 1, 3, 9, 2048, '0', 'HDD', 'No', 3, 15),
	(777, 6, 'Thinkpad P50', 'Notebook', 16, 2, 9, 3, 2370, '4K Ultra HD', 3840, 2160, 'No', 'No', 'No', 1, 3, 51, 512, '0', 'SSD', 'No', 3, 80),
	(778, 3, 'Swift 3', 'Notebook', 14, 3, 3, 2, 636, 'Full HD', 1920, 1080, 'No', 'Yes', 'No', 1, 2, 10, 128, '0', 'SSD', 'No', 1, 3),
	(779, 14, 'Blade Pro', 'Gaming', 14, 2, 3, 2, 2899, 'Full HD', 1920, 1080, 'No', 'No', 'No', 1, 3, 20, 512, '0', 'SSD', 'No', 3, 23),
	(780, 4, 'Vivobook Max', 'Notebook', 16, 1, 3, 2, 582, 'Standard', 1920, 1080, 'No', 'No', 'No', 1, 1, 76, 128, '0', 'SSD', 'No', 1, 42),
	(781, 5, 'Alienware 17', 'Gaming', 17, 7, 3, 4, 3589, 'Full HD', 1920, 1080, 'No', 'Yes', 'No', 1, 3, 20, 1024, '1024', 'SSD', 'HDD', 3, 84),
	(782, 4, 'Rog G752VS-BA171T', 'Gaming', 17, 2, 3, 4, 2350, 'Full HD', 1920, 1080, 'No', 'Yes', 'No', 1, 3, 58, 256, '1024', 'SSD', 'HDD', 3, 30),
	(783, 10, 'Tecra Z40-C-161', 'Ultrabook', 14, 2, 3, 1, 1764, 'Full HD', 1920, 1080, 'No', 'Yes', 'No', 1, 3, 39, 512, '0', 'SSD', 'No', 3, 51),
	(784, 6, 'IdeaPad 110-15IBR', 'Notebook', 16, 1, 2, 2, 329, 'Standard', 1366, 768, 'No', 'No', 'No', 1, 2, 77, 1024, '0', 'HDD', 'No', 1, 56),
	(785, 6, 'ThinkPad T470s', 'Ultrabook', 14, 2, 3, 2, 2299, 'Full HD', 1920, 1080, 'No', 'No', 'No', 1, 3, 9, 512, '0', 'SSD', 'No', 1, 3),
	(786, 8, 'GS43VR 7RE', 'Gaming', 14, 2, 3, 2, 1891, 'Full HD', 1920, 1080, 'No', 'Yes', 'No', 1, 3, 20, 256, '1024', 'SSD', 'HDD', 3, 23),
	(787, 8, 'GL62M (i5-7300HQ/8GB/1TB', 'Gaming', 16, 1, 3, 2, 1089, 'Full HD', 1920, 1080, 'No', 'No', 'No', 1, 3, 12, 128, '1024', 'SSD', 'HDD', 3, 17),
	(788, 6, 'Legion Y520-15IKBN', 'Gaming', 16, 3, 3, 2, 999, 'Full HD', 1920, 1080, 'No', 'Yes', 'No', 1, 3, 20, 1024, '0', 'HDD', 'No', 3, 17),
	(789, 3, 'Predator G9-793', 'Gaming', 17, 2, 3, 4, 2299, 'Full HD', 1920, 1080, 'No', 'Yes', 'No', 1, 3, 20, 256, '1024', 'SSD', 'HDD', 3, 23),
	(790, 5, 'Inspiron 7567', 'Gaming', 16, 1, 3, 3, 985, 'Full HD', 1920, 1080, 'No', 'No', 'No', 1, 3, 12, 256, '0', 'SSD', 'No', 3, 17),
	(791, 4, 'FX502VM-DM560T (i7-7700HQ/8GB/1TB', 'Gaming', 16, 1, 3, 2, 1339, 'Full HD', 1920, 1080, 'No', 'No', 'No', 1, 3, 20, 128, '1024', 'SSD', 'HDD', 3, 85),
	(792, 13, 'K146 (N3350/4GB/32GB/W10)', 'Notebook', 14, 3, 3, 1, 203, 'Standard', 1920, 1080, 'No', 'No', 'No', 1, 1, 18, 32, '0', 'Flash Storage', 'No', 1, 22),
	(793, 6, 'ThinkPad Yoga', '2 in 1 Convertible', 13, 1, 3, 1, 1970, 'Full HD', 1920, 1080, 'Yes', 'Yes', 'No', 1, 3, 9, 512, '0', 'SSD', 'No', 1, 3),
	(794, 6, 'Yoga 510-15IKB', '2 in 1 Convertible', 16, 1, 3, 2, 959, 'Full HD', 1920, 1080, 'Yes', 'No', 'No', 1, 3, 2, 256, '0', 'SSD', 'No', 2, 63),
	(795, 1, 'MacBook 12"', 'Ultrabook', 12, 1, 4, 1, 1165, 'Standard', 2304, 1440, 'No', 'Yes', 'Yes', 1, 1, 78, 512, '0', 'Flash Storage', 'No', 1, 86),
	(796, 6, 'ThinkPad X1', '2 in 1 Convertible', 14, 1, 3, 1, 2330, 'Standard', 2560, 1440, 'Yes', 'Yes', 'No', 1, 3, 2, 256, '0', 'SSD', 'No', 1, 3),
	(797, 4, 'R417NA-RS01 (N3350/4GB/32GB/W10)', 'Notebook', 14, 3, 3, 2, 299, 'Standard', 1366, 768, 'No', 'No', 'No', 1, 1, 18, 32, '0', 'Flash Storage', 'No', 1, 22),
	(798, 5, 'Latitude 3580', 'Notebook', 16, 1, 3, 2, 810, 'Standard', 1366, 768, 'No', 'No', 'No', 1, 3, 2, 128, '0', 'SSD', 'No', 1, 3),
	(799, 6, 'Yoga 910-13IKB', '2 in 1 Convertible', 14, 1, 3, 1, 1349, 'Full HD', 1920, 1080, 'Yes', 'Yes', 'No', 1, 3, 9, 256, '0', 'SSD', 'No', 1, 3),
	(800, 5, 'Vostro 5568', 'Notebook', 16, 1, 3, 2, 739, 'Full HD', 1920, 1080, 'No', 'No', 'No', 1, 2, 7, 256, '0', 'SSD', 'No', 2, 87),
	(801, 2, 'ZBook 17', 'Workstation', 16, 1, 3, 3, 2065, 'Full HD', 1920, 1080, 'No', 'No', 'No', 1, 3, 20, 256, '0', 'SSD', 'No', 3, 79),
	(802, 4, 'Pro P2540UA-XS51', 'Notebook', 16, 1, 3, 2, 1099, 'Full HD', 1920, 1080, 'No', 'No', 'No', 1, 3, 2, 256, '0', 'SSD', 'No', 1, 3),
	(803, 5, 'XPS 13', 'Ultrabook', 13, 1, 3, 1, 1499, 'Full HD', 1920, 1080, 'No', 'No', 'No', 1, 3, 2, 256, '0', 'SSD', 'No', 1, 3),
	(804, 5, 'XPS 15', 'Notebook', 16, 1, 3, 2, 1749, '4K Ultra HD', 3840, 2160, 'Yes', 'No', 'No', 1, 3, 12, 256, '0', 'SSD', 'No', 3, 17),
	(805, 5, 'Latitude 3180', 'Netbook', 12, 3, 3, 2, 744, 'Standard', 1366, 768, 'No', 'No', 'No', 1, 1, 22, 128, '0', 'SSD', 'No', 1, 42),
	(806, 2, 'EliteBook 820', 'Netbook', 13, 1, 3, 1, 1389, 'Standard', 1366, 768, 'No', 'No', 'No', 1, 3, 48, 256, '0', 'SSD', 'No', 1, 3),
	(807, 10, 'Satellite Pro', 'Notebook', 16, 3, 3, 2, 780, 'Standard', 1366, 768, 'No', 'No', 'No', 1, 2, 28, 500, '0', 'HDD', 'No', 1, 10),
	(808, 2, '15-ba043na (A12-9700P/8GB/2TB/W10)', 'Notebook', 16, 1, 3, 2, 629, 'Standard', 1366, 768, 'No', 'No', 'No', 2, 3, 79, 2048, '0', 'HDD', 'No', 2, 88),
	(809, 5, 'Inspiron 7567', 'Gaming', 16, 2, 3, 3, 1679, '4K Ultra HD', 3840, 2160, 'No', 'No', 'No', 1, 3, 20, 512, '0', 'SSD', 'No', 3, 31),
	(810, 6, 'IdeaPad 310-15IKB', 'Notebook', 16, 3, 3, 2, 609, 'Full HD', 1920, 1080, 'No', 'No', 'No', 1, 3, 2, 1024, '0', 'HDD', 'No', 3, 36),
	(811, 2, 'Omen 17-an012dx', 'Gaming', 17, 5, 3, 4, 1749, 'Full HD', 1920, 1080, 'No', 'Yes', 'No', 1, 3, 20, 1024, '0', 'HDD', 'No', 2, 26),
	(812, 8, 'GE72MVR 7RG', 'Gaming', 17, 2, 3, 3, 2415, 'Full HD', 1920, 1080, 'No', 'No', 'No', 1, 3, 20, 512, '1024', 'SSD', 'HDD', 3, 30),
	(813, 16, 'Notebook 9', 'Ultrabook', 13, 1, 3, 1, 1499, 'Full HD', 1920, 1080, 'No', 'No', 'No', 1, 3, 2, 256, '0', 'SSD', 'No', 1, 3),
	(814, 5, 'Vostro 5568', 'Notebook', 16, 1, 3, 2, 961, 'Full HD', 1920, 1080, 'No', 'No', 'No', 1, 3, 9, 1024, '0', 'HDD', 'No', 3, 58),
	(815, 5, 'Vostro 3568', 'Notebook', 16, 1, 3, 2, 790, 'Full HD', 1920, 1080, 'No', 'No', 'No', 1, 3, 2, 256, '0', 'SSD', 'No', 2, 41),
	(816, 6, 'Thinkpad T470s', 'Ultrabook', 14, 1, 3, 1, 1859, 'Full HD', 1920, 1080, 'No', 'No', 'No', 1, 3, 9, 256, '0', 'SSD', 'No', 1, 3),
	(817, 14, 'Blade Stealth', 'Ultrabook', 13, 2, 3, 1, 1799, '4K Ultra HD', 3840, 2160, 'Yes', 'Yes', 'No', 1, 3, 9, 512, '0', 'SSD', 'No', 1, 3),
	(818, 2, 'Chromebook 11', 'Netbook', 12, 3, 8, 1, 385, 'Standard', 1366, 768, 'No', 'No', 'No', 1, 2, 24, 16, '0', 'Flash Storage', 'No', 1, 16),
	(819, 5, 'Alienware 17', 'Gaming', 17, 2, 3, 4, 2505, 'Full HD', 1920, 1080, 'No', 'Yes', 'No', 1, 3, 20, 128, '1024', 'SSD', 'HDD', 3, 23),
	(820, 5, 'Latitude 3480', 'Notebook', 14, 3, 3, 2, 755, 'Standard', 1366, 768, 'No', 'No', 'No', 1, 2, 28, 500, '0', 'HDD', 'No', 1, 10),
	(821, 6, 'V110-15ISK (i3-6006U/4GB/500GB/W10)', 'Notebook', 16, 3, 3, 2, 490, 'Standard', 1366, 768, 'No', 'No', 'No', 1, 2, 7, 500, '0', 'HDD', 'No', 1, 10),
	(822, 10, 'Tecra X40-D-10Z', 'Ultrabook', 14, 3, 3, 1, 1090, 'Standard', 1366, 768, 'No', 'No', 'No', 1, 3, 2, 128, '0', 'SSD', 'No', 1, 3),
	(823, 6, 'Thinkpad X1', 'Ultrabook', 14, 1, 3, 1, 2499, 'Full HD', 1920, 1080, 'No', 'Yes', 'No', 1, 3, 9, 512, '0', 'SSD', 'No', 1, 3),
	(824, 8, 'GL62M 7RD', 'Gaming', 16, 1, 3, 2, 1199, 'Full HD', 1920, 1080, 'No', 'No', 'No', 1, 3, 12, 256, '0', 'SSD', 'No', 3, 17),
	(825, 6, 'ThinkPad X1', 'Ultrabook', 14, 1, 3, 1, 1875, 'Full HD', 1920, 1080, 'No', 'Yes', 'No', 1, 3, 2, 256, '0', 'Flash Storage', 'No', 1, 3),
	(826, 10, 'Satellite Pro', 'Notebook', 14, 3, 3, 2, 499, 'Standard', 1366, 768, 'No', 'No', 'No', 1, 2, 80, 128, '0', 'SSD', 'No', 1, 55),
	(827, 4, 'ZenBook Flip', '2 in 1 Convertible', 13, 1, 3, 1, 1358, 'Full HD', 1920, 1080, 'Yes', 'No', 'No', 1, 3, 2, 256, '0', 'SSD', 'No', 1, 3),
	(828, 5, 'Latitude 3480', 'Notebook', 14, 3, 3, 2, 585, 'Standard', 1366, 768, 'No', 'No', 'No', 1, 2, 7, 500, '0', 'HDD', 'No', 1, 10),
	(829, 3, 'Chromebook 11', 'Netbook', 12, 3, 8, 1, 355, 'Standard', 1366, 768, 'No', 'Yes', 'No', 1, 2, 24, 32, '0', 'Flash Storage', 'No', 1, 16),
	(830, 3, 'Swift 3', 'Notebook', 14, 1, 3, 2, 619, 'Full HD', 1920, 1080, 'No', 'Yes', 'No', 1, 2, 10, 128, '0', 'SSD', 'No', 1, 3),
	(831, 14, 'Blade Pro', 'Gaming', 17, 7, 3, 3, 5499, '4K Ultra HD', 3840, 2160, 'Yes', 'No', 'No', 1, 3, 33, 512, '0', 'SSD', 'No', 3, 45),
	(832, 6, 'Thinkpad X1', 'Ultrabook', 14, 2, 3, 1, 2099, 'Quad HD+', 2560, 1440, 'No', 'Yes', 'No', 1, 3, 39, 512, '0', 'SSD', 'No', 1, 10),
	(833, 4, 'VivoBook Max', 'Notebook', 16, 3, 5, 2, 519, 'Full HD', 1920, 1080, 'No', 'No', 'No', 1, 3, 2, 1024, '0', 'HDD', 'No', 3, 89),
	(834, 6, 'Thinkpad T460', 'Notebook', 14, 1, 3, 2, 1186, 'Full HD', 1920, 1080, 'No', 'No', 'No', 1, 2, 28, 256, '0', 'SSD', 'No', 1, 10),
	(835, 6, 'ThinkPad T470s', 'Notebook', 14, 1, 3, 1, 1650, 'Full HD', 1920, 1080, 'No', 'Yes', 'No', 1, 3, 48, 256, '0', 'SSD', 'No', 1, 3),
	(836, 5, 'Alienware 15', 'Gaming', 16, 2, 3, 3, 2775, 'Full HD', 1920, 1080, 'No', 'No', 'No', 1, 3, 20, 256, '1024', 'SSD', 'HDD', 3, 30),
	(837, 4, 'Rog GL702VS-BA023T', 'Gaming', 17, 2, 3, 3, 2419, 'Full HD', 1920, 1080, 'No', 'No', 'No', 1, 3, 20, 256, '1024', 'SSD', 'HDD', 3, 30),
	(838, 10, 'Satellite Pro', 'Notebook', 16, 3, 3, 2, 669, 'Standard', 1366, 768, 'No', 'No', 'No', 1, 2, 10, 500, '0', 'HDD', 'No', 1, 3),
	(839, 6, 'N42-20 Chromebook', 'Notebook', 14, 3, 8, 2, 325, 'Standard', 1366, 768, 'No', 'No', 'No', 1, 2, 66, 16, '0', 'Flash Storage', 'No', 1, 16),
	(840, 4, 'R558UA-DM966T (i5-7200U/8GB/128GB/FHD/W10)', 'Notebook', 16, 1, 3, 2, 590, 'Full HD', 1920, 1080, 'No', 'No', 'No', 1, 3, 2, 128, '0', 'HDD', 'No', 1, 3),
	(841, 4, 'Rog GL702VM-GC017T', 'Gaming', 17, 2, 3, 3, 1799, 'Full HD', 1920, 1080, 'No', 'No', 'No', 1, 3, 58, 512, '1024', 'SSD', 'HDD', 3, 23),
	(842, 5, 'Alienware 17', 'Gaming', 17, 7, 3, 4, 3073, 'Full HD', 1920, 1080, 'No', 'Yes', 'No', 1, 3, 20, 512, '1024', 'SSD', 'HDD', 3, 30),
	(843, 2, 'ProBook 470', 'Notebook', 17, 1, 3, 3, 910, 'Standard', 1600, 900, 'No', 'No', 'No', 1, 3, 2, 1024, '0', 'HDD', 'No', 3, 20),
	(844, 5, 'Vostro 3568', 'Notebook', 16, 1, 3, 2, 714, 'Standard', 1366, 768, 'No', 'No', 'No', 1, 3, 2, 128, '0', 'SSD', 'No', 1, 3),
	(845, 2, 'EliteBook 840', 'Ultrabook', 14, 1, 9, 2, 1870, 'Full HD', 1920, 1080, 'No', 'No', 'No', 1, 3, 35, 512, '0', 'SSD', 'No', 1, 10),
	(846, 5, 'Vostro 3568', 'Notebook', 16, 3, 3, 2, 739, 'Full HD', 1920, 1080, 'No', 'No', 'No', 1, 3, 9, 256, '0', 'SSD', 'No', 2, 41),
	(847, 2, 'Chromebook X360', '2 in 1 Convertible', 12, 3, 8, 1, 615, 'Standard', 1366, 768, 'Yes', 'No', 'No', 1, 1, 18, 32, '0', 'Flash Storage', 'No', 1, 22),
	(848, 4, 'ZenBook UX310UQ-GL026T', 'Ultrabook', 13, 1, 3, 1, 1026, 'Full HD', 1920, 1080, 'No', 'Yes', 'No', 1, 2, 28, 512, '0', 'SSD', 'No', 3, 90),
	(849, 2, 'EliteBook x360', '2 in 1 Convertible', 13, 1, 3, 1, 2277, 'Full HD', 1920, 1080, 'Yes', 'No', 'No', 1, 3, 2, 256, '0', 'SSD', 'No', 1, 3),
	(850, 2, 'EliteBook 840', 'Ultrabook', 14, 1, 3, 2, 1468, 'Full HD', 1920, 1080, 'No', 'No', 'No', 1, 3, 35, 512, '0', 'SSD', 'No', 1, 10),
	(851, 2, '250 G6', 'Notebook', 16, 3, 2, 2, 299, 'Standard', 1366, 768, 'No', 'No', 'No', 1, 2, 24, 128, '0', 'SSD', 'No', 1, 16),
	(852, 4, 'Rog GL502VM-DS74', 'Gaming', 16, 2, 3, 2, 1899, 'Full HD', 1920, 1080, 'No', 'No', 'No', 1, 3, 20, 128, '1024', 'SSD', 'HDD', 3, 23),
	(853, 5, 'Inspiron 5767', 'Notebook', 17, 1, 5, 3, 865, 'Full HD', 1920, 1080, 'No', 'No', 'No', 1, 3, 9, 1024, '0', 'HDD', 'No', 2, 37),
	(854, 6, 'ThinkPad T470p', 'Ultrabook', 14, 1, 3, 2, 1903, 'Full HD', 1920, 1080, 'No', 'Yes', 'No', 1, 3, 20, 256, '0', 'SSD', 'No', 3, 58),
	(855, 4, 'K556UR-DM621T (i7-7500U/8GB/256GB/GeForce', 'Notebook', 16, 1, 3, 2, 787, 'Full HD', 1920, 1080, 'No', 'Yes', 'No', 1, 3, 9, 256, '0', 'SSD', 'No', 3, 91),
	(856, 5, 'Latitude 5580', 'Notebook', 16, 1, 3, 2, 945, 'Full HD', 1920, 1080, 'No', 'No', 'No', 1, 3, 2, 128, '0', 'SSD', 'No', 1, 3),
	(857, 4, 'X541NA (N4200/4GB/1TB/W10)', 'Notebook', 16, 3, 3, 2, 449, 'Standard', 1366, 768, 'No', 'No', 'No', 1, 1, 22, 1024, '0', 'HDD', 'No', 1, 42),
	(858, 2, 'EliteBook x360', '2 in 1 Convertible', 13, 1, 3, 1, 2559, 'Full HD', 1920, 1080, 'Yes', 'No', 'No', 1, 3, 43, 256, '0', 'SSD', 'No', 1, 3),
	(859, 5, 'Inspiron 5368', 'Notebook', 13, 1, 3, 2, 649, 'Full HD', 1920, 1080, 'Yes', 'No', 'No', 1, 2, 28, 1024, '0', 'HDD', 'No', 1, 10),
	(860, 6, 'IdeaPad 110-15ISK', 'Notebook', 16, 3, 2, 2, 469, 'Full HD', 1920, 1080, 'No', 'No', 'No', 1, 2, 7, 1024, '0', 'HDD', 'No', 1, 10),
	(861, 6, 'ThinkPad E570', 'Notebook', 16, 1, 3, 2, 851, 'Full HD', 1920, 1080, 'No', 'Yes', 'No', 1, 3, 2, 1024, '0', 'HDD', 'No', 1, 3),
	(862, 2, 'EliteBook 850', 'Notebook', 16, 1, 3, 2, 1349, 'Full HD', 1920, 1080, 'No', 'No', 'No', 1, 3, 48, 256, '0', 'SSD', 'No', 2, 92),
	(863, 10, 'Portege X30-D-10X', 'Notebook', 13, 3, 3, 1, 1285, 'Full HD', 1920, 1080, 'No', 'No', 'No', 1, 3, 2, 128, '0', 'SSD', 'No', 1, 3),
	(864, 6, 'Legion Y520-15IKBN', 'Gaming', 16, 1, 2, 3, 1017, 'Full HD', 1920, 1080, 'No', 'Yes', 'No', 1, 3, 12, 1024, '0', 'HDD', 'No', 3, 17),
	(865, 5, 'XPS 13', 'Ultrabook', 13, 2, 3, 1, 2240, 'Quad HD+', 3200, 1800, 'Yes', 'No', 'No', 1, 3, 55, 512, '0', 'SSD', 'No', 1, 1),
	(866, 2, 'Probook 450', 'Notebook', 16, 3, 3, 2, 910, 'Full HD', 1920, 1080, 'No', 'No', 'No', 1, 2, 28, 500, '0', 'HDD', 'No', 1, 10),
	(867, 10, 'Portégé Z30-C-188', 'Ultrabook', 13, 1, 3, 1, 1095, 'Standard', 1366, 768, 'No', 'No', 'No', 1, 2, 28, 256, '0', 'SSD', 'No', 1, 10),
	(868, 6, 'ThinkPad Yoga', '2 in 1 Convertible', 13, 1, 3, 1, 1950, 'Full HD', 1920, 1080, 'Yes', 'Yes', 'No', 1, 3, 9, 256, '0', 'SSD', 'No', 1, 3),
	(869, 3, 'TMX349-G2-M-50FS (i5-7200U/8GB/256GB/FHD/W10)', 'Notebook', 14, 1, 3, 2, 902, 'Full HD', 1920, 1080, 'No', 'Yes', 'No', 1, 3, 2, 256, '0', 'SSD', 'No', 1, 3),
	(870, 5, 'Precision 3520', 'Workstation', 16, 1, 3, 2, 1778, 'Full HD', 1920, 1080, 'No', 'No', 'No', 1, 3, 20, 1024, '0', 'HDD', 'No', 3, 62),
	(871, 6, 'ThinkPad L570', 'Notebook', 16, 3, 3, 2, 1055, 'Standard', 1366, 768, 'No', 'No', 'No', 1, 3, 2, 500, '0', 'HDD', 'No', 1, 3),
	(872, 6, 'IdeaPad 110-15ISK', 'Notebook', 16, 3, 2, 2, 479, 'Full HD', 1920, 1080, 'No', 'No', 'No', 1, 2, 7, 1024, '0', 'HDD', 'No', 2, 12),
	(873, 10, 'Tecra A50-D-11D', 'Notebook', 16, 1, 3, 2, 1388, 'Full HD', 1920, 1080, 'No', 'Yes', 'No', 1, 3, 9, 256, '0', 'SSD', 'No', 1, 3),
	(874, 6, 'Thinkpad 13', 'Notebook', 13, 3, 3, 1, 735, 'Full HD', 1920, 1080, 'No', 'Yes', 'No', 1, 2, 10, 180, '0', 'SSD', 'No', 1, 3),
	(875, 16, 'Notebook 9', 'Ultrabook', 15, 2, 3, 1, 1849, 'Full HD', 1920, 1080, 'No', 'No', 'No', 1, 3, 9, 256, '0', 'SSD', 'No', 3, 15),
	(876, 5, 'Latitude 7280', 'Ultrabook', 13, 1, 3, 2, 1690, 'Full HD', 1920, 1080, 'No', 'No', 'No', 1, 3, 43, 256, '0', 'SSD', 'No', 1, 3),
	(877, 4, 'X541NA-GO121 (N4200/4GB/1TB/Linux)', 'Notebook', 16, 3, 5, 2, 399, 'Standard', 1366, 768, 'No', 'No', 'No', 1, 1, 22, 1024, '0', 'HDD', 'No', 1, 42),
	(878, 12, 'Mi Notebook', 'Ultrabook', 13, 1, 3, 1, 935, 'Full HD', 1920, 1080, 'No', 'Yes', 'No', 1, 2, 28, 256, '0', 'SSD', 'No', 3, 15),
	(879, 5, 'Vostro 5568', 'Notebook', 16, 3, 3, 2, 913, 'Full HD', 1920, 1080, 'No', 'No', 'No', 1, 3, 2, 128, '1024', 'SSD', 'HDD', 3, 15),
	(880, 2, 'ProBook 450', 'Notebook', 16, 3, 3, 2, 839, 'Full HD', 1920, 1080, 'No', 'No', 'No', 1, 3, 2, 256, '0', 'SSD', 'No', 1, 3),
	(881, 2, 'EliteBook x360', '2 in 1 Convertible', 13, 3, 3, 1, 1700, 'Full HD', 1920, 1080, 'Yes', 'No', 'No', 1, 3, 2, 256, '0', 'SSD', 'No', 1, 3),
	(882, 2, 'Pavilion x360', '2 in 1 Convertible', 16, 3, 3, 2, 685, 'Standard', 1366, 768, 'Yes', 'No', 'No', 1, 3, 2, 500, '0', 'HDD', 'No', 1, 3),
	(883, 4, 'VivoBook L402NA', 'Notebook', 14, 3, 3, 2, 348, 'Standard', 1366, 768, 'No', 'No', 'No', 1, 1, 18, 32, '0', 'Flash Storage', 'No', 1, 22),
	(884, 6, 'IdeaPad 510-15ISK', 'Notebook', 16, 1, 3, 2, 669, 'Full HD', 1920, 1080, 'No', 'Yes', 'No', 1, 3, 35, 1024, '0', 'HDD', 'No', 3, 15),
	(885, 5, 'Inspiron 3552', 'Notebook', 16, 3, 3, 2, 369, 'Standard', 1366, 768, 'No', 'No', 'No', 1, 2, 46, 500, '0', 'HDD', 'No', 1, 21),
	(886, 2, 'EliteBook x360', '2 in 1 Convertible', 13, 3, 3, 1, 1799, 'Full HD', 1920, 1080, 'Yes', 'No', 'No', 1, 3, 2, 256, '0', 'SSD', 'No', 1, 3),
	(887, 5, 'Vostro 3568', 'Notebook', 16, 3, 5, 2, 456, 'Standard', 1366, 768, 'No', 'No', 'No', 1, 2, 7, 1024, '0', 'HDD', 'No', 2, 87),
	(888, 4, 'Rog GL753VD-GC082T', 'Gaming', 17, 5, 3, 2, 1370, 'Full HD', 1920, 1080, 'No', 'No', 'No', 1, 3, 12, 128, '1024', 'SSD', 'HDD', 3, 17),
	(889, 3, 'Chromebook C731-C78G', 'Netbook', 12, 3, 8, 1, 297, 'Standard', 1366, 768, 'No', 'Yes', 'No', 1, 2, 24, 32, '0', 'Flash Storage', 'No', 1, 16),
	(890, 6, 'IdeaPad 110-17ACL', 'Notebook', 17, 3, 3, 3, 379, 'Standard', 1600, 900, 'No', 'No', 'No', 2, 2, 81, 500, '0', 'HDD', 'No', 2, 93),
	(891, 2, 'Probook 640', 'Notebook', 14, 3, 3, 2, 1265, 'Full HD', 1920, 1080, 'No', 'No', 'No', 1, 3, 2, 128, '0', 'SSD', 'No', 1, 3),
	(892, 2, 'Envy x360', '2 in 1 Convertible', 13, 2, 3, 1, 1399, 'Quad HD+', 3200, 1800, 'Yes', 'No', 'No', 1, 3, 9, 256, '0', 'SSD', 'No', 1, 3),
	(893, 16, 'Notebook 9', 'Ultrabook', 15, 1, 3, 1, 1699, 'Full HD', 1920, 1080, 'No', 'No', 'No', 1, 3, 9, 256, '0', 'SSD', 'No', 1, 3),
	(894, 6, 'ThinkPad T470s', 'Ultrabook', 14, 1, 3, 1, 1799, 'Full HD', 1920, 1080, 'No', 'Yes', 'No', 1, 3, 2, 256, '0', 'SSD', 'No', 1, 3),
	(895, 8, 'GS73VR Stealth', 'Gaming', 17, 2, 3, 2, 2649, '4K Ultra HD', 3840, 2160, 'No', 'Yes', 'No', 1, 3, 58, 512, '2048', 'SSD', 'HDD', 3, 23),
	(896, 10, 'Portege X30-D-10V', 'Notebook', 13, 1, 3, 1, 1475, 'Full HD', 1920, 1080, 'No', 'No', 'No', 1, 3, 2, 256, '0', 'SSD', 'No', 1, 3),
	(897, 5, 'Inspiron 7567', 'Gaming', 16, 1, 5, 3, 929, 'Full HD', 1920, 1080, 'No', 'No', 'No', 1, 3, 20, 1024, '0', 'HDD', 'No', 3, 94),
	(898, 2, 'ProBook 450', 'Notebook', 16, 1, 3, 2, 900, 'Full HD', 1920, 1080, 'No', 'No', 'No', 1, 3, 9, 1024, '0', 'HDD', 'No', 3, 20),
	(899, 5, 'Vostro 3568', 'Notebook', 16, 3, 3, 2, 614, 'Standard', 1366, 768, 'No', 'No', 'No', 1, 2, 7, 1024, '0', 'HDD', 'No', 2, 87),
	(900, 5, 'Latitude 5580', 'Notebook', 16, 1, 3, 2, 935, 'Full HD', 1920, 1080, 'No', 'No', 'No', 1, 3, 48, 500, '0', 'HDD', 'No', 1, 3),
	(901, 5, 'XPS 13', '2 in 1 Convertible', 13, 1, 3, 1, 2013, 'Quad HD+', 3200, 1800, 'Yes', 'No', 'No', 1, 1, 53, 512, '0', 'SSD', 'No', 1, 13),
	(902, 4, 'G701VO-IH74K (i7-6820HK/32GB/2x', 'Gaming', 17, 7, 3, 4, 1279, 'Full HD', 1920, 1080, 'No', 'Yes', 'No', 1, 3, 63, 256, '256', 'SSD', 'SSD', 3, 49),
	(903, 5, 'XPS 13', '2 in 1 Convertible', 13, 2, 3, 1, 1649, 'Full HD', 1920, 1080, 'Yes', 'No', 'No', 1, 1, 53, 256, '0', 'SSD', 'No', 1, 13),
	(904, 6, 'ThinkPad X1', 'Ultrabook', 14, 1, 3, 1, 2049, 'Full HD', 1920, 1080, 'No', 'Yes', 'No', 1, 3, 9, 256, '0', 'Flash Storage', 'No', 1, 3),
	(905, 6, 'ThinkPad T570', 'Notebook', 16, 1, 3, 2, 1963, 'Full HD', 1920, 1080, 'No', 'Yes', 'No', 1, 3, 2, 512, '0', 'SSD', 'No', 1, 3),
	(906, 19, 'Gram 15Z970', 'Ultrabook', 16, 2, 3, 1, 2099, 'Full HD', 1920, 1080, 'Yes', 'Yes', 'No', 1, 3, 9, 512, '0', 'SSD', 'No', 1, 3),
	(907, 2, 'Elitebook 820', 'Netbook', 13, 1, 3, 1, 1483, 'Full HD', 1920, 1080, 'No', 'No', 'No', 1, 3, 9, 512, '0', 'SSD', 'No', 1, 3),
	(908, 3, 'Chromebook CB5-571-C1DZ', 'Notebook', 16, 3, 8, 2, 359, 'Full HD', 1920, 1080, 'No', 'Yes', 'No', 1, 2, 40, 16, '0', 'Flash Storage', 'No', 1, 21),
	(909, 6, 'IdeaPad Y700-15ISK', 'Notebook', 16, 1, 3, 3, 789, 'Full HD', 1920, 1080, 'No', 'Yes', 'No', 1, 2, 71, 128, '1024', 'SSD', 'HDD', 3, 68),
	(910, 19, 'Gram 14Z970', 'Ultrabook', 14, 1, 3, 1, 1899, 'Full HD', 1920, 1080, 'Yes', 'Yes', 'No', 1, 3, 9, 512, '0', 'SSD', 'No', 1, 3),
	(911, 5, 'Latitude 5480', 'Notebook', 14, 1, 3, 2, 1205, 'Full HD', 1920, 1080, 'No', 'No', 'No', 1, 3, 54, 256, '0', 'SSD', 'No', 1, 3),
	(912, 2, 'Elitebook Folio', 'Ultrabook', 13, 1, 3, 1, 3100, '4K Ultra HD', 3840, 2160, 'Yes', 'No', 'No', 1, 1, 29, 240, '0', 'SSD', 'No', 1, 40),
	(913, 6, 'IdeaPad 510-15IKB', 'Notebook', 16, 6, 3, 2, 789, 'Full HD', 1920, 1080, 'No', 'No', 'No', 1, 3, 9, 256, '0', 'SSD', 'No', 3, 15),
	(914, 2, 'ProBook 450', 'Notebook', 16, 1, 3, 2, 1019, 'Full HD', 1920, 1080, 'No', 'No', 'No', 1, 3, 9, 256, '0', 'SSD', 'No', 3, 20),
	(915, 3, 'Aspire E5-575', 'Notebook', 16, 3, 3, 2, 499, 'Full HD', 1920, 1080, 'No', 'No', 'No', 1, 2, 10, 1024, '0', 'HDD', 'No', 1, 3),
	(916, 6, 'ThinkPad 13', 'Notebook', 13, 3, 3, 1, 881, 'Full HD', 1920, 1080, 'No', 'No', 'No', 1, 3, 2, 128, '0', 'SSD', 'No', 1, 3),
	(917, 2, 'Probook 430', 'Notebook', 13, 1, 3, 1, 960, 'Full HD', 1920, 1080, 'No', 'No', 'No', 1, 3, 2, 256, '0', 'SSD', 'No', 1, 3),
	(918, 8, 'GE72VR 6RF', 'Gaming', 17, 2, 3, 3, 1599, 'Full HD', 1920, 1080, 'No', 'No', 'No', 1, 3, 20, 256, '1024', 'SSD', 'HDD', 3, 31),
	(919, 5, 'Inspiron 7567', 'Gaming', 16, 2, 3, 3, 1349, 'Full HD', 1920, 1080, 'No', 'No', 'No', 1, 3, 20, 128, '1024', 'SSD', 'HDD', 3, 31),
	(920, 8, 'GL62M 7RD', 'Gaming', 16, 1, 3, 2, 1120, 'Full HD', 1920, 1080, 'No', 'No', 'No', 1, 3, 12, 128, '1024', 'SSD', 'HDD', 3, 17),
	(921, 5, 'Vostro 3568', 'Notebook', 16, 3, 3, 2, 685, 'Standard', 1366, 768, 'No', 'No', 'No', 1, 3, 2, 1024, '0', 'HDD', 'No', 2, 41),
	(922, 2, 'EliteBook 850', 'Ultrabook', 16, 1, 3, 2, 1297, 'Full HD', 1920, 1080, 'No', 'No', 'No', 1, 3, 35, 256, '0', 'SSD', 'No', 2, 95),
	(923, 2, 'Envy 13-AB077cl', 'Ultrabook', 13, 1, 3, 1, 1149, 'Quad HD+', 3200, 1800, 'Yes', 'No', 'No', 1, 3, 9, 256, '0', 'SSD', 'No', 1, 3),
	(924, 10, 'Tecra Z50-C-140', 'Notebook', 16, 2, 3, 2, 1975, 'Full HD', 1920, 1080, 'No', 'Yes', 'No', 1, 3, 39, 256, '0', 'SSD', 'No', 3, 51),
	(925, 6, 'ThinkPad Yoga', '2 in 1 Convertible', 13, 1, 3, 1, 1825, 'Full HD', 1920, 1080, 'Yes', 'Yes', 'No', 1, 3, 2, 512, '0', 'SSD', 'No', 1, 3),
	(926, 5, 'Latitude 3580', 'Notebook', 16, 3, 3, 2, 730, 'Standard', 1366, 768, 'No', 'No', 'No', 1, 2, 28, 500, '0', 'HDD', 'No', 1, 10),
	(927, 6, 'Thinkpad X270', 'Ultrabook', 13, 1, 3, 1, 1650, 'Full HD', 1920, 1080, 'No', 'Yes', 'No', 1, 3, 9, 256, '0', 'SSD', 'No', 1, 3),
	(928, 2, 'Probook 650', 'Notebook', 16, 1, 3, 2, 1165, 'Full HD', 1920, 1080, 'No', 'No', 'No', 1, 2, 28, 256, '0', 'SSD', 'No', 1, 10),
	(929, 5, 'Vostro 3568', 'Notebook', 16, 3, 3, 2, 708, 'Standard', 1366, 768, 'No', 'No', 'No', 1, 3, 2, 1024, '0', 'HDD', 'No', 1, 3),
	(930, 2, 'ProBook 640', 'Notebook', 14, 3, 3, 2, 1149, 'Standard', 1366, 768, 'No', 'No', 'No', 1, 2, 28, 500, '0', 'HDD', 'No', 1, 10),
	(931, 6, 'IdeaPad 320-15IAP', 'Notebook', 16, 3, 3, 2, 309, 'Standard', 1366, 768, 'No', 'No', 'No', 1, 1, 22, 1024, '0', 'HDD', 'No', 1, 42),
	(932, 2, 'EliteBook 820', 'Ultrabook', 13, 3, 3, 1, 1579, 'Full HD', 1920, 1080, 'No', 'No', 'No', 1, 2, 28, 500, '0', 'HDD', 'No', 1, 10),
	(933, 2, '250 G6', 'Notebook', 16, 3, 2, 2, 289, 'Standard', 1366, 768, 'No', 'No', 'No', 1, 2, 24, 1024, '0', 'HDD', 'No', 1, 16),
	(934, 6, 'Yoga 900-13ISK', '2 in 1 Convertible', 13, 2, 3, 1, 1799, 'Quad HD+', 3200, 1800, 'Yes', 'Yes', 'No', 1, 2, 82, 1024, '0', 'SSD', 'No', 1, 25),
	(935, 10, 'Tecra Z40-C-12X', 'Notebook', 14, 3, 3, 1, 1105, 'Full HD', 1920, 1080, 'No', 'Yes', 'No', 1, 2, 28, 128, '0', 'SSD', 'No', 1, 10),
	(936, 2, 'EliteBook 820', 'Netbook', 13, 1, 3, 1, 1669, 'Full HD', 1920, 1080, 'No', 'No', 'No', 1, 2, 28, 256, '0', 'SSD', 'No', 1, 10),
	(937, 5, 'Vostro 3568', 'Notebook', 16, 3, 3, 2, 559, 'Standard', 1366, 768, 'No', 'No', 'No', 1, 2, 7, 1024, '0', 'HDD', 'No', 1, 10),
	(938, 8, 'GP62M Leopard', 'Gaming', 16, 1, 3, 2, 1199, 'Full HD', 1920, 1080, 'No', 'No', 'No', 1, 3, 20, 128, '1024', 'SSD', 'HDD', 3, 17),
	(939, 5, 'Latitude 7480', 'Ultrabook', 14, 1, 3, 1, 1639, 'Full HD', 1920, 1080, 'No', 'No', 'No', 1, 3, 2, 256, '0', 'SSD', 'No', 1, 3),
	(940, 5, 'Alienware 17', 'Gaming', 17, 2, 3, 4, 2758, 'Standard', 2560, 1440, 'No', 'No', 'No', 1, 3, 63, 512, '1024', 'SSD', 'HDD', 3, 45),
	(941, 2, 'Omen 17-W006na', 'Gaming', 17, 1, 3, 3, 1399, 'Full HD', 1920, 1080, 'No', 'Yes', 'No', 1, 2, 71, 128, '1024', 'SSD', 'HDD', 3, 65),
	(942, 4, 'X751SV-TY001T (N3710/4GB/1TB/GeForce', 'Notebook', 17, 3, 3, 3, 530, 'Standard', 1600, 900, 'No', 'No', 'No', 1, 2, 46, 1024, '0', 'HDD', 'No', 3, 27),
	(943, 3, 'TravelMate P259-G2', 'Notebook', 16, 3, 3, 2, 619, 'Standard', 1366, 768, 'No', 'No', 'No', 1, 3, 2, 500, '0', 'HDD', 'No', 1, 3),
	(944, 10, 'Tecra A50-C-1ZV', 'Notebook', 16, 1, 3, 2, 1119, 'Standard', 1366, 768, 'No', 'No', 'No', 1, 2, 28, 256, '0', 'SSD', 'No', 1, 10),
	(945, 6, 'Yoga 700-11ISK', '2 in 1 Convertible', 11, 1, 3, 1, 1299, 'Full HD', 1920, 1080, 'Yes', 'Yes', 'No', 1, 1, 83, 256, '0', 'SSD', 'No', 1, 40),
	(946, 6, 'IdeaPad Y700-15ACZ', 'Gaming', 16, 2, 3, 3, 999, 'Full HD', 1920, 1080, 'No', 'Yes', 'No', 2, 2, 84, 512, '1024', 'SSD', 'HDD', 2, 96),
	(947, 5, 'Latitude 7280', 'Ultrabook', 13, 1, 3, 1, 1472, 'Full HD', 1920, 1080, 'Yes', 'No', 'No', 1, 3, 2, 256, '0', 'SSD', 'No', 1, 21),
	(948, 6, 'IdeaPad 310-15IKB', 'Notebook', 16, 1, 2, 2, 685, 'Full HD', 1920, 1080, 'No', 'No', 'No', 1, 3, 9, 1024, '0', 'HDD', 'No', 3, 27),
	(949, 5, 'Insprion 5767', 'Notebook', 17, 3, 3, 2, 659, 'Standard', 1600, 900, 'No', 'No', 'No', 1, 2, 7, 1024, '0', 'HDD', 'No', 2, 37),
	(950, 3, 'Chromebook 14', 'Notebook', 14, 3, 8, 2, 349, 'Standard', 1366, 768, 'No', 'No', 'No', 1, 2, 24, 32, '0', 'Flash Storage', 'No', 1, 16),
	(951, 2, 'ZBook Studio', 'Workstation', 16, 1, 3, 2, 2249, 'Full HD', 1920, 1080, 'No', 'Yes', 'No', 1, 3, 51, 8, '0', 'SSD', 'No', 3, 82),
	(952, 5, 'Latitude 7480', 'Ultrabook', 14, 1, 3, 1, 1775, 'Full HD', 1920, 1080, 'No', 'No', 'No', 1, 3, 43, 256, '0', 'SSD', 'No', 1, 3),
	(953, 10, 'Portege Z30-C-1CW', 'Notebook', 13, 1, 9, 1, 1460, 'Full HD', 1920, 1080, 'No', 'No', 'No', 1, 2, 28, 256, '0', 'SSD', 'No', 1, 10),
	(954, 4, 'Chromebook Flip', '2 in 1 Convertible', 13, 1, 8, 1, 1159, 'Full HD', 1920, 1080, 'No', 'No', 'No', 1, 1, 83, 64, '0', 'Flash Storage', 'No', 1, 40),
	(955, 6, 'Thinkpad T460', 'Ultrabook', 14, 1, 3, 2, 1489, 'Full HD', 1920, 1080, 'No', 'Yes', 'No', 1, 3, 39, 256, '0', 'SSD', 'No', 1, 10),
	(956, 5, 'Alienware 17', 'Gaming', 17, 2, 3, 4, 3154, '4K Ultra HD', 3840, 2160, 'No', 'Yes', 'No', 1, 3, 20, 512, '1024', 'SSD', 'HDD', 3, 30),
	(957, 5, 'XPS 13', '2 in 1 Convertible', 13, 1, 3, 1, 1899, 'Full HD', 1920, 1080, 'Yes', 'No', 'No', 1, 1, 32, 256, '0', 'SSD', 'No', 1, 13),
	(958, 2, 'ProBook x360', '2 in 1 Convertible', 12, 3, 3, 1, 775, 'Standard', 1366, 768, 'Yes', 'No', 'No', 1, 1, 22, 256, '0', 'SSD', 'No', 1, 42),
	(959, 5, 'XPS 13', 'Ultrabook', 13, 1, 3, 1, 1268, 'Quad HD+', 3200, 1800, 'No', 'No', 'No', 1, 3, 35, 256, '0', 'SSD', 'No', 1, 10),
	(960, 3, 'Chromebook C738T-C2EJ', '2 in 1 Convertible', 12, 3, 8, 1, 389, 'Standard', 1366, 768, 'Yes', 'Yes', 'No', 1, 2, 24, 32, '0', 'Flash Storage', 'No', 1, 16),
	(961, 10, 'Portege Z30-C-16Z', 'Notebook', 13, 1, 3, 1, 1535, 'Full HD', 1920, 1080, 'No', 'No', 'No', 1, 2, 67, 256, '0', 'SSD', 'No', 1, 10),
	(962, 6, 'ThinkPad X270', 'Ultrabook', 13, 1, 3, 1, 1760, 'Full HD', 1920, 1080, 'No', 'Yes', 'No', 1, 3, 48, 256, '0', 'SSD', 'No', 1, 3),
	(963, 3, 'Aspire F5-573G-510L', 'Notebook', 16, 5, 3, 2, 1009, 'Full HD', 1920, 1080, 'No', 'No', 'No', 1, 3, 2, 128, '1024', 'SSD', 'HDD', 3, 47),
	(964, 10, 'Portege X20W-D-10V', 'Ultrabook', 13, 1, 3, 1, 1790, 'Full HD', 1920, 1080, 'Yes', 'No', 'No', 1, 3, 9, 512, '0', 'SSD', 'No', 1, 3),
	(965, 2, 'ProBook 450', 'Notebook', 16, 1, 3, 2, 847, 'Standard', 1366, 768, 'No', 'No', 'No', 1, 3, 2, 1024, '0', 'HDD', 'No', 3, 20),
	(966, 5, 'Inspiron 3567', 'Notebook', 16, 3, 5, 2, 466, 'Standard', 1366, 768, 'No', 'No', 'No', 1, 2, 7, 1024, '0', 'HDD', 'No', 2, 12),
	(967, 5, 'Latitude 5580', 'Notebook', 16, 3, 3, 2, 825, 'Standard', 1366, 768, 'No', 'No', 'No', 1, 3, 2, 500, '0', 'HDD', 'No', 1, 3),
	(968, 2, 'ProBook 450', 'Notebook', 16, 3, 3, 2, 685, 'Full HD', 1920, 1080, 'No', 'No', 'No', 1, 2, 10, 500, '0', 'HDD', 'No', 1, 3),
	(969, 5, 'Alienware 17', 'Gaming', 17, 7, 3, 4, 3149, 'Full HD', 1920, 1080, 'No', 'Yes', 'No', 1, 3, 20, 256, '1024', 'SSD', 'HDD', 3, 30),
	(970, 6, 'IdeaPad 310-15IKB', 'Notebook', 16, 6, 3, 2, 695, 'Full HD', 1920, 1080, 'No', 'No', 'No', 1, 3, 2, 256, '0', 'SSD', 'No', 3, 27),
	(971, 5, 'XPS 13', '2 in 1 Convertible', 13, 2, 3, 1, 1899, 'Quad HD+', 3200, 1800, 'Yes', 'No', 'No', 1, 1, 53, 512, '0', 'SSD', 'No', 1, 13),
	(972, 5, 'Latitude E7470', 'Ultrabook', 14, 1, 3, 2, 1963, 'Standard', 2560, 1440, 'Yes', 'No', 'No', 1, 3, 39, 256, '0', 'SSD', 'No', 1, 10),
	(973, 5, 'Alienware 17', 'Gaming', 17, 7, 3, 4, 2800, 'Full HD', 1920, 1080, 'No', 'No', 'No', 1, 3, 58, 256, '1024', 'SSD', 'HDD', 3, 30),
	(974, 10, 'Tecra A40-C-1DF', 'Notebook', 14, 1, 3, 2, 1180, 'Full HD', 1920, 1080, 'No', 'No', 'No', 1, 2, 28, 256, '0', 'SSD', 'No', 1, 10),
	(975, 4, 'Rog Strix', 'Gaming', 17, 2, 3, 3, 2050, 'Full HD', 1920, 1080, 'No', 'No', 'No', 1, 3, 20, 256, '1024', 'SSD', 'HDD', 3, 23),
	(976, 2, 'Probook 450', 'Notebook', 16, 1, 3, 2, 979, 'Full HD', 1920, 1080, 'No', 'Yes', 'No', 1, 3, 2, 128, '1024', 'SSD', 'HDD', 3, 20),
	(977, 6, 'ThinkPad T460', 'Notebook', 14, 3, 9, 2, 1002, 'Standard', 1366, 768, 'No', 'No', 'No', 1, 2, 28, 508, '0', 'Hybrid', 'No', 1, 10),
	(978, 4, 'Q534UX-BHI7T19 (i7-7500U/16GB/2TB', '2 in 1 Convertible', 16, 2, 3, 2, 1799, '4K Ultra HD', 3840, 2160, 'Yes', 'No', 'No', 1, 3, 9, 512, '2048', 'SSD', 'HDD', 3, 47),
	(979, 2, '15-bs053od (i7-7500U/6GB/1TB/W10)', 'Notebook', 16, 6, 3, 2, 579, 'Standard', 1366, 768, 'No', 'No', 'No', 1, 3, 9, 1024, '0', 'HDD', 'No', 1, 3),
	(980, 4, 'Rog GL753VE-DS74', 'Gaming', 17, 2, 3, 3, 1749, 'Full HD', 1920, 1080, 'No', 'No', 'No', 1, 3, 20, 256, '1024', 'SSD', 'HDD', 3, 31),
	(981, 5, 'Inspiron 7579', '2 in 1 Convertible', 16, 5, 3, 2, 1299, 'Full HD', 1920, 1080, 'Yes', 'Yes', 'No', 1, 3, 9, 512, '0', 'SSD', 'No', 1, 3),
	(982, 10, 'Portege Z30-C-1CV', 'Notebook', 13, 3, 9, 1, 1195, 'Full HD', 1920, 1080, 'No', 'No', 'No', 1, 2, 28, 128, '0', 'SSD', 'No', 1, 10),
	(983, 6, 'IdeaPad 320-15ABR', 'Notebook', 16, 6, 3, 2, 549, 'Full HD', 1920, 1080, 'No', 'No', 'No', 2, 4, 47, 256, '0', 'SSD', 'No', 2, 19),
	(984, 18, 'LifeBook A556', 'Notebook', 16, 3, 3, 2, 649, 'Standard', 1366, 768, 'No', 'No', 'No', 1, 2, 28, 256, '0', 'SSD', 'No', 1, 10),
	(985, 10, 'Tecra A40-C-1KF', 'Notebook', 14, 3, 3, 2, 915, 'Standard', 1366, 768, 'No', 'No', 'No', 1, 2, 28, 500, '0', 'HDD', 'No', 1, 10),
	(986, 5, 'Inspiron 3567', 'Notebook', 16, 3, 3, 2, 599, 'Standard', 1366, 768, 'No', 'No', 'No', 1, 3, 2, 500, '0', 'HDD', 'No', 2, 12),
	(987, 2, 'Probook 450', 'Notebook', 16, 1, 3, 2, 806, 'Full HD', 1920, 1080, 'No', 'No', 'No', 1, 3, 2, 1024, '0', 'HDD', 'No', 1, 3),
	(988, 6, 'Legion Y520-15IKBN', 'Gaming', 16, 1, 3, 3, 1189, 'Full HD', 1920, 1080, 'No', 'Yes', 'No', 1, 3, 20, 128, '1024', 'SSD', 'HDD', 3, 23),
	(989, 5, 'Inspiron 5567', 'Notebook', 16, 1, 3, 2, 749, 'Standard', 1366, 768, 'No', 'No', 'No', 1, 3, 9, 1024, '0', 'HDD', 'No', 2, 37),
	(990, 5, 'Latitude 5480', 'Notebook', 14, 1, 3, 2, 1119, 'Full HD', 1920, 1080, 'No', 'No', 'No', 1, 3, 2, 128, '0', 'SSD', 'No', 1, 3),
	(991, 2, 'EliteBook Folio', 'Netbook', 13, 1, 3, 1, 1908, 'Full HD', 1920, 1080, 'No', 'No', 'No', 1, 1, 29, 512, '0', 'SSD', 'No', 1, 40),
	(992, 2, '15-bs005nv (i3-6006U/4GB/1TB', 'Notebook', 16, 3, 3, 2, 499, 'Full HD', 1920, 1080, 'No', 'No', 'No', 1, 2, 7, 128, '1024', 'SSD', 'HDD', 2, 29),
	(993, 6, 'V110-15IAP (N3350/4GB/128GB/No', 'Notebook', 16, 3, 2, 2, 271, 'Standard', 1366, 768, 'No', 'No', 'No', 1, 1, 18, 128, '0', 'SSD', 'No', 1, 22),
	(994, 6, 'ThinkPad T560', 'Notebook', 16, 1, 3, 2, 1349, 'Full HD', 1920, 1080, 'No', 'No', 'No', 1, 2, 28, 256, '0', 'SSD', 'No', 1, 10),
	(995, 5, 'Inspiron 5378', '2 in 1 Convertible', 13, 1, 3, 2, 889, 'Full HD', 1920, 1080, 'Yes', 'No', 'No', 1, 3, 2, 256, '0', 'SSD', 'No', 1, 3),
	(996, 4, 'ZenBook UX310UA-FB485T', 'Notebook', 13, 1, 3, 1, 1150, 'Quad HD+', 3200, 1800, 'No', 'No', 'No', 1, 3, 2, 256, '0', 'SSD', 'No', 1, 3),
	(997, 2, 'Spectre 13-V111dx', 'Ultrabook', 13, 1, 3, 1, 1349, 'Full HD', 1920, 1080, 'Yes', 'Yes', 'No', 1, 3, 9, 256, '0', 'SSD', 'No', 1, 3),
	(998, 3, 'Aspire ES1-533', 'Notebook', 16, 3, 3, 2, 380, 'Standard', 1366, 768, 'No', 'No', 'No', 1, 1, 22, 500, '0', 'HDD', 'No', 1, 42),
	(999, 4, 'Rog GL553VE-DS74', 'Gaming', 16, 2, 3, 3, 1799, 'Full HD', 1920, 1080, 'No', 'No', 'No', 1, 3, 20, 256, '1024', 'SSD', 'HDD', 3, 31),
	(1000, 2, 'EliteBook 840', 'Ultrabook', 14, 1, 3, 1, 2089, 'Full HD', 1920, 1080, 'No', 'No', 'No', 1, 3, 9, 512, '0', 'SSD', 'No', 1, 3),
	(1001, 3, 'Nitro 5', 'Gaming', 16, 1, 3, 3, 1260, 'Full HD', 1920, 1080, 'No', 'Yes', 'No', 1, 3, 20, 128, '1024', 'SSD', 'HDD', 3, 17),
	(1002, 2, 'ENVY -', 'Notebook', 13, 1, 3, 1, 1189, 'Full HD', 1920, 1080, 'No', 'Yes', 'No', 1, 3, 2, 256, '0', 'SSD', 'No', 1, 3),
	(1003, 5, 'Vostro 3568', 'Notebook', 16, 3, 3, 2, 547, 'Standard', 1366, 768, 'No', 'No', 'No', 1, 2, 10, 128, '0', 'SSD', 'No', 1, 3),
	(1004, 2, 'Probook 440', 'Notebook', 14, 3, 3, 2, 779, 'Standard', 1366, 768, 'No', 'No', 'No', 1, 3, 2, 500, '0', 'HDD', 'No', 1, 3),
	(1005, 10, 'Portege Z30-C-16H', 'Notebook', 13, 3, 3, 1, 1195, 'Full HD', 1920, 1080, 'No', 'No', 'No', 1, 2, 28, 128, '0', 'SSD', 'No', 1, 10),
	(1006, 2, 'EliteBook 840', 'Notebook', 14, 3, 3, 1, 1100, 'Standard', 1366, 768, 'No', 'No', 'No', 1, 2, 67, 256, '0', 'SSD', 'No', 1, 10),
	(1007, 2, 'ProBook 640', 'Notebook', 14, 3, 3, 2, 1205, 'Full HD', 1920, 1080, 'No', 'No', 'No', 1, 3, 2, 256, '0', 'SSD', 'No', 1, 3),
	(1008, 2, 'EliteBook 1040', 'Ultrabook', 14, 1, 9, 1, 1449, 'Full HD', 1920, 1080, 'No', 'No', 'No', 1, 3, 39, 256, '0', 'SSD', 'No', 1, 10),
	(1009, 2, 'ProBook 440', 'Notebook', 14, 1, 3, 2, 1049, 'Full HD', 1920, 1080, 'No', 'No', 'No', 1, 3, 2, 256, '0', 'SSD', 'No', 3, 20),
	(1010, 2, 'Probook 440', 'Notebook', 14, 3, 3, 2, 684, 'Standard', 1366, 768, 'No', 'No', 'No', 1, 2, 10, 500, '0', 'HDD', 'No', 1, 3),
	(1011, 5, 'Inspiron 7567', 'Gaming', 16, 1, 3, 3, 949, 'Full HD', 1920, 1080, 'No', 'No', 'No', 1, 3, 12, 1024, '0', 'Hybrid', 'No', 3, 17),
	(1012, 2, 'EliteBook 820', 'Ultrabook', 13, 3, 3, 1, 1539, 'Full HD', 1920, 1080, 'No', 'No', 'No', 1, 3, 2, 500, '0', 'HDD', 'No', 1, 3),
	(1013, 2, 'Elitebook 840', 'Notebook', 14, 3, 3, 1, 1590, 'Full HD', 1920, 1080, 'No', 'No', 'No', 1, 3, 2, 256, '0', 'SSD', 'No', 1, 3),
	(1014, 2, 'EliteBook 840', 'Ultrabook', 14, 1, 3, 2, 1887, 'Full HD', 1920, 1080, 'No', 'No', 'No', 1, 3, 35, 256, '0', 'SSD', 'No', 1, 10),
	(1015, 2, 'Probook 430', 'Notebook', 13, 3, 3, 1, 800, 'Standard', 1366, 768, 'No', 'No', 'No', 1, 2, 10, 500, '0', 'HDD', 'No', 1, 3),
	(1016, 10, 'Portege A30-C-1CZ', 'Notebook', 13, 1, 3, 2, 1210, 'Standard', 1366, 768, 'No', 'No', 'No', 1, 2, 28, 256, '0', 'SSD', 'No', 1, 10),
	(1017, 2, 'ProBook 450', 'Notebook', 16, 3, 3, 2, 770, 'Standard', 1366, 768, 'No', 'No', 'No', 1, 2, 10, 256, '0', 'SSD', 'No', 1, 3),
	(1018, 6, 'ThinkPad P70', 'Notebook', 17, 2, 9, 2, 2968, '4K Ultra HD', 3840, 2160, 'No', 'Yes', 'No', 1, 3, 51, 512, '0', 'SSD', 'No', 3, 97),
	(1019, 10, 'Tecra Z40-C-12Z', 'Notebook', 14, 1, 3, 1, 1490, 'Full HD', 1920, 1080, 'No', 'Yes', 'No', 1, 2, 28, 256, '0', 'SSD', 'No', 1, 10),
	(1020, 2, 'EliteBook 1040', 'Notebook', 14, 1, 3, 1, 2229, 'Full HD', 1920, 1080, 'No', 'No', 'No', 1, 3, 35, 256, '0', 'SSD', 'No', 1, 10),
	(1021, 5, 'Inspiron 5568', '2 in 1 Convertible', 16, 3, 3, 2, 796, 'Full HD', 1920, 1080, 'Yes', 'Yes', 'No', 1, 2, 59, 1024, '0', 'HDD', 'No', 1, 10),
	(1022, 10, 'Portégé Z30-C-16K', 'Ultrabook', 13, 1, 3, 1, 1590, 'Full HD', 1920, 1080, 'No', 'No', 'No', 1, 2, 28, 256, '0', 'SSD', 'No', 1, 10),
	(1023, 2, 'Spectre 13-V100nv', 'Notebook', 13, 1, 3, 1, 1149, 'Full HD', 1920, 1080, 'No', 'Yes', 'No', 1, 3, 2, 256, '0', 'SSD', 'No', 1, 3),
	(1024, 2, 'ProBook 440', 'Notebook', 14, 1, 3, 2, 1185, 'Full HD', 1920, 1080, 'No', 'No', 'No', 1, 3, 9, 256, '0', 'SSD', 'No', 3, 20),
	(1025, 5, 'Latitude E5570', 'Notebook', 16, 1, 3, 2, 1046, 'Full HD', 1920, 1080, 'No', 'No', 'No', 1, 2, 67, 500, '0', 'HDD', 'No', 1, 10),
	(1026, 2, 'Elitebook 820', 'Ultrabook', 13, 3, 3, 1, 1559, 'Standard', 1366, 768, 'No', 'No', 'No', 1, 3, 2, 256, '0', 'SSD', 'No', 1, 3),
	(1027, 2, 'ProBook 650', 'Notebook', 14, 3, 3, 2, 1189, 'Standard', 1366, 768, 'No', 'No', 'No', 1, 3, 2, 500, '0', 'HDD', 'No', 1, 3),
	(1028, 2, 'ProBook 640', 'Notebook', 14, 3, 3, 2, 1060, 'Standard', 1366, 768, 'No', 'No', 'No', 1, 3, 2, 500, '0', 'HDD', 'No', 1, 3),
	(1029, 5, 'XPS 13', 'Ultrabook', 13, 1, 3, 1, 1624, 'Quad HD+', 3200, 1800, 'Yes', 'No', 'No', 1, 3, 2, 256, '0', 'SSD', 'No', 1, 3),
	(1030, 2, 'Probook 470', 'Notebook', 17, 1, 3, 3, 1080, 'Full HD', 1920, 1080, 'No', 'No', 'No', 1, 3, 2, 256, '0', 'SSD', 'No', 3, 20),
	(1031, 2, 'ProBook 440', 'Notebook', 14, 3, 3, 2, 973, 'Standard', 1366, 768, 'No', 'No', 'No', 1, 3, 2, 256, '0', 'SSD', 'No', 1, 3),
	(1032, 3, 'Aspire 3', 'Notebook', 16, 6, 3, 2, 409, 'Standard', 1366, 768, 'No', 'No', 'No', 2, 3, 4, 1024, '0', 'HDD', 'No', 2, 6),
	(1033, 8, 'GL72M 7RDX', 'Gaming', 17, 1, 3, 3, 1192, 'Full HD', 1920, 1080, 'No', 'No', 'No', 1, 3, 20, 128, '1024', 'SSD', 'HDD', 3, 17),
	(1034, 2, 'Probook 640', 'Notebook', 14, 1, 9, 2, 1195, 'Full HD', 1920, 1080, 'No', 'No', 'No', 1, 2, 28, 256, '0', 'SSD', 'No', 1, 10),
	(1035, 2, 'EliteBook 850', 'Notebook', 16, 1, 3, 2, 1229, 'Full HD', 1920, 1080, 'No', 'No', 'No', 1, 3, 35, 256, '0', 'SSD', 'No', 1, 10),
	(1036, 2, 'EliteBook 820', 'Ultrabook', 13, 1, 3, 1, 1349, 'Full HD', 1920, 1080, 'No', 'No', 'No', 1, 3, 35, 256, '0', 'SSD', 'No', 1, 10),
	(1037, 2, 'ProBook 450', 'Notebook', 16, 3, 3, 2, 742, 'Standard', 1366, 768, 'No', 'No', 'No', 1, 3, 2, 500, '0', 'HDD', 'No', 1, 3),
	(1038, 10, 'Tecra Z40-C-136', 'Ultrabook', 14, 1, 3, 1, 1725, 'Full HD', 1920, 1080, 'No', 'Yes', 'No', 1, 3, 39, 256, '0', 'SSD', 'No', 1, 10),
	(1039, 5, 'Latitude E5570', 'Notebook', 16, 1, 9, 2, 1063, 'Full HD', 1920, 1080, 'No', 'No', 'No', 1, 2, 67, 256, '0', 'SSD', 'No', 1, 10),
	(1040, 2, 'ProBook 440', 'Notebook', 14, 1, 3, 2, 1011, 'Full HD', 1920, 1080, 'No', 'No', 'No', 1, 3, 2, 256, '0', 'SSD', 'No', 1, 3),
	(1041, 6, 'Yoga 500-15ISK', '2 in 1 Convertible', 16, 3, 3, 2, 847, 'Full HD', 1920, 1080, 'Yes', 'Yes', 'No', 1, 3, 35, 256, '0', 'SSD', 'No', 1, 10),
	(1042, 13, 'V142 (X5-Z8350/2GB/32GB/W10)', 'Notebook', 14, 4, 3, 1, 211, 'Standard', 1366, 768, 'No', 'No', 'No', 1, 1, 11, 32, '0', 'Flash Storage', 'No', 1, 16),
	(1043, 10, 'Tecra A50-C-218', 'Notebook', 16, 2, 3, 2, 1425, 'Full HD', 1920, 1080, 'No', 'Yes', 'No', 1, 3, 35, 256, '0', 'SSD', 'No', 3, 51),
	(1044, 6, 'Thinkpad L560', 'Notebook', 16, 1, 3, 2, 1050, 'Full HD', 1920, 1080, 'No', 'No', 'No', 1, 2, 28, 256, '0', 'SSD', 'No', 1, 10),
	(1045, 2, 'EliteBook 840', 'Notebook', 14, 3, 3, 2, 1000, 'Full HD', 1920, 1080, 'No', 'No', 'No', 1, 2, 28, 500, '0', 'HDD', 'No', 1, 10),
	(1046, 2, 'EliteBook 850', 'Notebook', 16, 1, 3, 2, 2103, 'Full HD', 1920, 1080, 'No', 'No', 'No', 1, 2, 67, 256, '500', 'SSD', 'HDD', 1, 10),
	(1047, 2, 'EliteBook 1040', 'Notebook', 14, 1, 9, 1, 1469, 'Full HD', 1920, 1080, 'No', 'No', 'No', 1, 2, 28, 256, '0', 'SSD', 'No', 1, 10),
	(1048, 8, 'GT72S Dominator', 'Gaming', 17, 2, 3, 4, 1546, 'Full HD', 1920, 1080, 'No', 'Yes', 'No', 1, 3, 63, 256, '1024', 'SSD', 'HDD', 3, 49),
	(1049, 6, 'IdeaPad Y900-17ISK', 'Gaming', 17, 2, 3, 5, 2290, 'Full HD', 1920, 1080, 'No', 'Yes', 'No', 1, 3, 58, 128, '1024', 'SSD', 'HDD', 3, 49),
	(1050, 4, 'Chromebook C202SA', 'Netbook', 12, 3, 8, 1, 288, 'Standard', 1366, 768, 'No', 'No', 'No', 1, 2, 24, 16, '0', 'Flash Storage', 'No', 1, 16),
	(1051, 6, 'ThinkPad X1', 'Notebook', 14, 2, 9, 1, 2620, 'Standard', 2560, 1440, 'No', 'Yes', 'No', 1, 3, 39, 256, '0', 'SSD', 'No', 1, 10),
	(1052, 2, 'Noteb Pav', 'Notebook', 16, 1, 3, 2, 979, 'Full HD', 1920, 1080, 'No', 'Yes', 'No', 1, 3, 9, 1024, '0', 'HDD', 'No', 3, 15),
	(1053, 5, 'Inspiron 5578', '2 in 1 Convertible', 16, 1, 3, 2, 1094, 'Full HD', 1920, 1080, 'Yes', 'Yes', 'No', 1, 3, 2, 256, '0', 'SSD', 'No', 1, 3),
	(1054, 2, 'ProBook 450', 'Notebook', 16, 3, 3, 2, 979, 'Standard', 1366, 768, 'No', 'No', 'No', 1, 3, 2, 256, '0', 'SSD', 'No', 1, 3),
	(1055, 5, 'XPS 13', 'Ultrabook', 13, 2, 3, 1, 2254, 'Quad HD+', 3200, 1800, 'Yes', 'No', 'No', 1, 3, 9, 1024, '0', 'SSD', 'No', 1, 3),
	(1056, 2, 'ProBook 650', 'Notebook', 16, 3, 3, 2, 705, 'Standard', 1366, 768, 'No', 'No', 'No', 1, 2, 59, 500, '0', 'HDD', 'No', 1, 10),
	(1057, 2, '250 G5', 'Notebook', 16, 3, 2, 2, 499, 'Standard', 1366, 768, 'No', 'No', 'No', 1, 3, 2, 500, '0', 'HDD', 'No', 1, 3),
	(1058, 3, 'Aspire ES1-523', 'Notebook', 16, 1, 3, 2, 449, 'Standard', 1366, 768, 'No', 'No', 'No', 2, 2, 44, 1024, '0', 'HDD', 'No', 2, 6),
	(1059, 5, 'Inspiron 7378', '2 in 1 Convertible', 13, 5, 3, 2, 1299, 'Full HD', 1920, 1080, 'Yes', 'Yes', 'No', 1, 3, 9, 256, '0', 'SSD', 'No', 1, 3),
	(1060, 8, 'GT62VR 6RD', 'Gaming', 16, 2, 3, 3, 1819, 'Full HD', 1920, 1080, 'No', 'No', 'No', 1, 3, 58, 256, '1024', 'SSD', 'HDD', 3, 23),
	(1061, 2, 'ProBook 450', 'Notebook', 16, 1, 3, 2, 1070, 'Full HD', 1920, 1080, 'No', 'No', 'No', 1, 3, 9, 256, '0', 'SSD', 'No', 1, 3),
	(1062, 4, 'Rog G752VL-GC088D', 'Gaming', 17, 2, 2, 4, 998, 'Full HD', 1920, 1080, 'No', 'Yes', 'No', 1, 3, 58, 1024, '0', 'HDD', 'No', 3, 65),
	(1063, 5, 'Inspiron 3567', 'Notebook', 16, 3, 3, 2, 559, 'Full HD', 1920, 1080, 'No', 'No', 'No', 1, 3, 2, 1024, '0', 'HDD', 'No', 1, 21),
	(1064, 5, 'Inspiron 5567', 'Notebook', 16, 2, 3, 2, 990, 'Full HD', 1920, 1080, 'No', 'No', 'No', 1, 3, 9, 2048, '0', 'HDD', 'No', 2, 37),
	(1065, 8, 'GS63VR 6RF', 'Gaming', 16, 2, 3, 2, 1929, 'Full HD', 1920, 1080, 'No', 'No', 'No', 1, 3, 58, 256, '1024', 'SSD', 'HDD', 3, 23),
	(1066, 5, 'XPS 13', 'Ultrabook', 13, 1, 3, 1, 1458, 'Full HD', 1920, 1080, 'No', 'No', 'No', 1, 3, 9, 256, '0', 'SSD', 'No', 1, 3),
	(1067, 4, 'ROG G701VO', 'Gaming', 17, 9, 3, 4, 3975, 'Full HD', 1920, 1080, 'No', 'Yes', 'No', 1, 3, 63, 1024, '0', 'SSD', 'No', 3, 98),
	(1068, 5, 'Inspiron 5368', '2 in 1 Convertible', 13, 1, 3, 2, 798, 'Full HD', 1920, 1080, 'Yes', 'No', 'No', 1, 3, 35, 256, '0', 'SSD', 'No', 1, 10),
	(1069, 5, 'Alienware 15', 'Gaming', 16, 2, 3, 3, 1329, '4K Ultra HD', 3840, 2160, 'No', 'No', 'No', 1, 3, 58, 256, '1024', 'SSD', 'HDD', 3, 71),
	(1070, 1, 'MacBook 12"', 'Ultrabook', 12, 1, 4, 1, 1300, 'Standard', 2304, 1440, 'No', 'Yes', 'Yes', 1, 1, 78, 256, '0', 'Flash Storage', 'No', 1, 40),
	(1071, 5, 'Latitude 3570', 'Notebook', 16, 3, 3, 2, 482, 'Standard', 1366, 768, 'No', 'No', 'No', 1, 2, 59, 500, '0', 'HDD', 'No', 1, 10),
	(1072, 2, 'ProBook 650', 'Notebook', 16, 3, 3, 2, 1199, 'Standard', 1366, 768, 'No', 'No', 'No', 1, 2, 28, 500, '0', 'HDD', 'No', 1, 10),
	(1073, 2, 'EliteBook 820', 'Ultrabook', 13, 1, 9, 1, 1199, 'Full HD', 1920, 1080, 'No', 'No', 'No', 1, 2, 28, 256, '0', 'SSD', 'No', 1, 10),
	(1074, 2, 'ProBook 430', 'Notebook', 13, 1, 3, 1, 1090, 'Full HD', 1920, 1080, 'No', 'No', 'No', 1, 3, 9, 256, '0', 'SSD', 'No', 1, 3),
	(1075, 6, 'ThinkPad Yoga', 'Ultrabook', 13, 1, 3, 1, 1713, 'Full HD', 1920, 1080, 'Yes', 'Yes', 'No', 1, 3, 35, 256, '0', 'SSD', 'No', 1, 10),
	(1076, 6, 'IdeaPad 300-17ISK', 'Notebook', 17, 1, 3, 3, 659, 'Standard', 1600, 900, 'No', 'No', 'No', 1, 2, 28, 1024, '0', 'HDD', 'No', 2, 99),
	(1077, 6, 'Ideapad 700-15ISK', 'Notebook', 16, 3, 3, 2, 977, 'Full HD', 1920, 1080, 'No', 'Yes', 'No', 1, 2, 71, 1024, '0', 'HDD', 'No', 3, 47),
	(1078, 8, 'GT72VR Dominator', 'Gaming', 17, 2, 3, 4, 2499, 'Full HD', 1920, 1080, 'No', 'No', 'No', 1, 3, 20, 256, '1024', 'SSD', 'HDD', 3, 30),
	(1079, 6, 'V110-15ISK (i5-6200U/4GB/500GB/W10)', 'Notebook', 16, 3, 3, 2, 540, 'Standard', 1366, 768, 'No', 'No', 'No', 1, 2, 28, 500, '0', 'HDD', 'No', 1, 10),
	(1080, 2, 'Probook 650', 'Notebook', 16, 3, 9, 2, 940, 'Full HD', 1920, 1080, 'No', 'No', 'No', 1, 2, 28, 500, '0', 'HDD', 'No', 1, 10),
	(1081, 6, 'Yoga 900S-12ISK', 'Ultrabook', 13, 1, 3, 1, 1399, 'Standard', 2560, 1440, 'Yes', 'Yes', 'No', 1, 1, 29, 512, '0', 'SSD', 'No', 1, 40),
	(1082, 6, 'IdeaPad Y900-17ISK', 'Gaming', 17, 7, 3, 5, 3240, 'Full HD', 1920, 1080, 'No', 'Yes', 'No', 1, 3, 63, 512, '1024', 'SSD', 'Hybrid', 3, 49),
	(1083, 6, 'Yoga Book', '2 in 1 Convertible', 10, 3, 3, 1, 646, 'Standard', 1920, 1200, 'Yes', 'Yes', 'No', 1, 1, 23, 64, '0', 'Flash Storage', 'No', 1, 16),
	(1084, 2, 'Spectre x360', 'Ultrabook', 13, 2, 3, 1, 2049, '4K Ultra HD', 3840, 2160, 'No', 'Yes', 'No', 1, 3, 9, 512, '0', 'SSD', 'No', 1, 3),
	(1085, 5, 'Vostro 3568', 'Notebook', 16, 1, 3, 2, 750, 'Full HD', 1920, 1080, 'No', 'No', 'No', 1, 3, 2, 256, '0', 'SSD', 'No', 1, 3),
	(1086, 2, 'EliteBook 840', 'Notebook', 14, 3, 9, 2, 1031, 'Full HD', 1920, 1080, 'No', 'No', 'No', 1, 2, 28, 500, '0', 'HDD', 'No', 1, 10),
	(1087, 2, 'ZBook 15u', 'Workstation', 16, 1, 9, 2, 1495, 'Full HD', 1920, 1080, 'No', 'No', 'No', 1, 3, 35, 256, '0', 'SSD', 'No', 2, 48),
	(1088, 6, 'ThinkPad T460', 'Notebook', 14, 1, 9, 2, 1199, 'Full HD', 1920, 1080, 'No', 'No', 'No', 1, 2, 28, 180, '0', 'SSD', 'No', 1, 10),
	(1089, 2, 'Chromebook 13', 'Notebook', 13, 3, 8, 1, 615, 'Quad HD+', 3200, 1800, 'No', 'No', 'No', 1, 2, 85, 32, '0', 'Flash Storage', 'No', 1, 40),
	(1090, 3, 'Aspire ES1-523', 'Notebook', 16, 3, 3, 2, 387, 'Standard', 1366, 768, 'No', 'No', 'No', 2, 2, 44, 500, '0', 'HDD', 'No', 2, 6),
	(1091, 5, 'Inspiron 3552', 'Notebook', 16, 3, 5, 2, 393, 'Standard', 1366, 768, 'No', 'No', 'No', 1, 2, 86, 500, '0', 'HDD', 'No', 1, 21),
	(1092, 2, '250 G6', 'Notebook', 16, 3, 2, 2, 346, 'Standard', 1366, 768, 'No', 'No', 'No', 1, 2, 7, 1024, '0', 'HDD', 'No', 1, 10),
	(1093, 4, 'Rog GL702VM-GC354T', 'Gaming', 17, 1, 3, 3, 1599, 'Full HD', 1920, 1080, 'No', 'Yes', 'No', 1, 3, 20, 256, '1024', 'SSD', 'HDD', 3, 23),
	(1094, 5, 'Inspiron 5370', 'Ultrabook', 13, 3, 3, 1, 818, 'Full HD', 1920, 1080, 'No', 'Yes', 'No', 1, 2, 6, 256, '0', 'SSD', 'No', 2, 19),
	(1095, 2, 'Elitebook 820', 'Netbook', 13, 3, 9, 2, 1599, 'Standard', 1366, 768, 'No', 'No', 'No', 1, 2, 28, 128, '0', 'SSD', 'No', 1, 10),
	(1096, 3, 'Aspire F5-573G', 'Notebook', 16, 1, 3, 2, 799, 'Full HD', 1920, 1080, 'No', 'No', 'No', 1, 3, 2, 256, '1024', 'SSD', 'HDD', 3, 47),
	(1097, 5, 'Inspiron 5567', 'Notebook', 16, 1, 3, 2, 639, 'Full HD', 1920, 1080, 'No', 'No', 'No', 1, 3, 2, 1024, '0', 'HDD', 'No', 2, 37),
	(1098, 8, 'GS70 Stealth', 'Gaming', 17, 1, 3, 3, 1599, 'Full HD', 1920, 1080, 'No', 'No', 'No', 1, 3, 58, 256, '0', 'SSD', 'No', 3, 65),
	(1099, 2, '250 G5', 'Notebook', 16, 3, 3, 2, 500, 'Standard', 1366, 768, 'No', 'No', 'No', 1, 2, 46, 1024, '0', 'HDD', 'No', 1, 56),
	(1100, 4, 'G752VY-GC162T (i7-6700HQ/16GB/1TB', 'Gaming', 17, 2, 3, 4, 2299, 'Full HD', 1920, 1080, 'No', 'Yes', 'No', 1, 3, 58, 128, '1024', 'SSD', 'HDD', 3, 49),
	(1101, 5, 'Latitude E5270', 'Ultrabook', 13, 3, 9, 2, 1135, 'Standard', 1366, 768, 'No', 'No', 'No', 1, 2, 59, 500, '0', 'HDD', 'No', 1, 10),
	(1102, 5, 'Latitude E5270', 'Ultrabook', 13, 3, 9, 2, 1167, 'Standard', 1366, 768, 'No', 'No', 'No', 1, 2, 59, 128, '0', 'SSD', 'No', 1, 10),
	(1103, 3, 'Chromebook 15', 'Notebook', 16, 3, 8, 2, 209, 'Standard', 1366, 768, 'No', 'No', 'No', 1, 2, 40, 16, '0', 'SSD', 'No', 1, 21),
	(1104, 2, 'ZBook 17', 'Workstation', 17, 1, 9, 3, 2899, 'Full HD', 1920, 1080, 'No', 'Yes', 'No', 1, 3, 58, 1024, '0', 'HDD', 'No', 2, 100),
	(1105, 6, 'Legion Y520-15IKBN', 'Gaming', 16, 2, 3, 2, 1199, 'Full HD', 1920, 1080, 'No', 'No', 'No', 1, 3, 20, 512, '0', 'SSD', 'No', 3, 31),
	(1106, 5, 'Latitude E5270', 'Ultrabook', 13, 1, 9, 2, 1413, 'Standard', 1366, 768, 'No', 'No', 'No', 1, 2, 28, 256, '0', 'SSD', 'No', 1, 10),
	(1107, 8, 'GE72 Apache', 'Gaming', 17, 1, 3, 3, 1511, 'Full HD', 1920, 1080, 'No', 'No', 'No', 1, 3, 58, 128, '1024', 'SSD', 'HDD', 3, 68),
	(1108, 6, 'Yoga 500-15ISK', '2 in 1 Convertible', 16, 3, 3, 2, 867, 'Full HD', 1920, 1080, 'Yes', 'Yes', 'No', 1, 2, 28, 256, '0', 'SSD', 'No', 1, 10),
	(1109, 2, '15-bw011nv (A6-9220/4GB/1TB/FHD/W10)', 'Notebook', 16, 3, 3, 2, 398, 'Full HD', 1920, 1080, 'No', 'No', 'No', 2, 3, 17, 1024, '0', 'HDD', 'No', 2, 61),
	(1110, 4, 'Rog GL552VW-CN470T', 'Gaming', 16, 2, 3, 3, 1339, 'Full HD', 1920, 1080, 'No', 'Yes', 'No', 1, 3, 58, 128, '1024', 'SSD', 'HDD', 3, 68),
	(1111, 2, 'EliteBook 1030', 'Notebook', 13, 1, 3, 1, 1699, 'Quad HD+', 3200, 1800, 'Yes', 'No', 'No', 1, 1, 87, 256, '0', 'SSD', 'No', 1, 40),
	(1112, 5, 'Vostro 3559', 'Notebook', 16, 3, 9, 2, 769, 'Standard', 1366, 768, 'No', 'No', 'No', 1, 2, 28, 500, '0', 'HDD', 'No', 2, 101),
	(1113, 6, 'V110-15ISK (i3-6006U/4GB/128GB/W10)', 'Notebook', 16, 3, 3, 2, 429, 'Standard', 1366, 768, 'No', 'No', 'No', 1, 2, 7, 128, '0', 'SSD', 'No', 1, 10),
	(1114, 2, 'Spectre Pro', 'Ultrabook', 13, 1, 3, 1, 1969, 'Full HD', 1920, 1080, 'No', 'No', 'No', 1, 3, 35, 512, '0', 'SSD', 'No', 1, 10),
	(1115, 6, 'Yoga Book', '2 in 1 Convertible', 10, 3, 6, 1, 549, 'Standard', 1920, 1200, 'Yes', 'Yes', 'No', 1, 1, 23, 64, '0', 'Flash Storage', 'No', 1, 16),
	(1116, 5, 'XPS 13', 'Ultrabook', 13, 1, 3, 1, 1379, 'Full HD', 1920, 1080, 'No', 'No', 'No', 1, 2, 26, 256, '0', 'SSD', 'No', 1, 1),
	(1117, 6, 'IdeaPad Y900-17ISK', 'Gaming', 17, 2, 3, 5, 2750, 'Full HD', 1920, 1080, 'No', 'Yes', 'No', 1, 3, 63, 256, '1024', 'SSD', 'Hybrid', 3, 49),
	(1118, 14, 'Blade Stealth', 'Ultrabook', 13, 1, 3, 1, 1029, '4K Ultra HD', 3840, 2160, 'Yes', 'No', 'No', 1, 3, 35, 256, '0', 'SSD', 'No', 1, 10),
	(1119, 10, 'Portege X30-D-10K', 'Ultrabook', 13, 2, 3, 1, 2226, 'Full HD', 1920, 1080, 'No', 'No', 'No', 1, 3, 9, 512, '0', 'SSD', 'No', 1, 3),
	(1120, 4, 'Rog GL752VW-T4308T', 'Gaming', 17, 1, 3, 4, 1312, 'Full HD', 1920, 1080, 'No', 'No', 'No', 1, 3, 58, 128, '1024', 'SSD', 'HDD', 3, 68),
	(1121, 13, 'V131 (X5-Z8350/4GB/32GB/FHD/W10)', 'Notebook', 13, 3, 3, 1, 196, 'Full HD', 1920, 1080, 'No', 'No', 'No', 1, 1, 11, 32, '0', 'Flash Storage', 'No', 1, 16),
	(1122, 2, 'Spectre Pro', 'Notebook', 13, 1, 3, 1, 1690, 'Full HD', 1920, 1080, 'No', 'No', 'No', 1, 2, 28, 256, '0', 'SSD', 'No', 1, 10),
	(1123, 2, 'EliteBook 1040', 'Notebook', 14, 1, 9, 1, 1513, 'Full HD', 1920, 1080, 'No', 'No', 'No', 1, 2, 28, 256, '0', 'SSD', 'No', 1, 10),
	(1124, 5, 'Latitude E5570', 'Notebook', 16, 3, 5, 2, 524, 'Standard', 1366, 768, 'No', 'No', 'No', 1, 2, 28, 500, '0', 'HDD', 'No', 1, 10),
	(1125, 4, 'VivoBook Max', 'Notebook', 16, 3, 3, 2, 435, 'Standard', 1366, 768, 'No', 'No', 'No', 1, 2, 10, 1024, '0', 'HDD', 'No', 1, 3),
	(1126, 6, 'ThinkPad Yoga', '2 in 1 Convertible', 14, 1, 3, 2, 1669, 'Full HD', 1920, 1080, 'Yes', 'Yes', 'No', 1, 3, 35, 256, '0', 'SSD', 'No', 1, 10),
	(1127, 6, 'Yoga Book', '2 in 1 Convertible', 10, 3, 3, 1, 479, 'Standard', 1920, 1200, 'Yes', 'Yes', 'No', 1, 1, 23, 64, '0', 'Flash Storage', 'No', 1, 16),
	(1128, 2, 'EliteBook 820', 'Ultrabook', 13, 1, 9, 1, 1895, 'Standard', 1366, 768, 'No', 'No', 'No', 1, 2, 67, 256, '0', 'SSD', 'No', 1, 10),
	(1129, 6, 'Legion Y520-15IKBN', 'Gaming', 16, 1, 2, 2, 989, 'Full HD', 1920, 1080, 'No', 'Yes', 'No', 1, 3, 12, 128, '1024', 'SSD', 'HDD', 3, 23),
	(1130, 2, 'Omen -', 'Gaming', 17, 1, 3, 3, 1129, 'Full HD', 1920, 1080, 'No', 'Yes', 'No', 1, 2, 71, 128, '1024', 'SSD', 'HDD', 3, 23),
	(1131, 2, '15-bs078cl (i7-7500U/8GB/2TB/W10)', 'Notebook', 16, 1, 3, 2, 629, 'Standard', 1366, 768, 'No', 'No', 'No', 1, 3, 9, 2048, '0', 'HDD', 'No', 1, 3),
	(1132, 6, 'ThinkPad P40', '2 in 1 Convertible', 14, 1, 9, 2, 2050, 'Full HD', 1920, 1080, 'Yes', 'Yes', 'No', 1, 3, 39, 512, '0', 'SSD', 'No', 3, 102),
	(1133, 4, 'L403NA-GA013TS (N3350/4GB/32GB/W10)', 'Notebook', 14, 3, 3, 2, 278, 'Standard', 1366, 768, 'No', 'No', 'No', 1, 1, 18, 32, '0', 'Flash Storage', 'No', 1, 22),
	(1134, 2, '250 G6', 'Ultrabook', 16, 1, 3, 2, 752, 'Full HD', 1920, 1080, 'No', 'No', 'No', 1, 3, 9, 256, '0', 'SSD', 'No', 1, 3),
	(1135, 3, 'Aspire E5-576G', 'Notebook', 16, 3, 3, 2, 616, 'Full HD', 1920, 1080, 'No', 'No', 'No', 1, 3, 2, 1024, '0', 'HDD', 'No', 3, 15),
	(1136, 6, 'IdeaPad 500-15ISK', 'Notebook', 16, 2, 3, 3, 1099, 'Full HD', 1920, 1080, 'No', 'No', 'No', 1, 3, 35, 1024, '0', 'Hybrid', 'No', 2, 103),
	(1137, 2, 'ZBook 17', 'Workstation', 17, 1, 9, 3, 3949, 'Full HD', 1920, 1080, 'No', 'Yes', 'No', 1, 3, 58, 256, '0', 'SSD', 'No', 3, 104),
	(1138, 5, 'Inspiron 5567', 'Notebook', 16, 1, 3, 3, 784, 'Standard', 1366, 768, 'No', 'No', 'No', 1, 3, 2, 1024, '0', 'HDD', 'No', 2, 37),
	(1139, 8, 'GT72S Dominator', 'Gaming', 17, 2, 3, 4, 2399, 'Full HD', 1920, 1080, 'No', 'No', 'No', 1, 3, 51, 256, '1024', 'SSD', 'HDD', 3, 49),
	(1140, 2, 'EliteBook 850', 'Ultrabook', 16, 1, 9, 2, 2172, 'Full HD', 1920, 1080, 'No', 'No', 'No', 1, 3, 35, 256, '0', 'SSD', 'No', 1, 10),
	(1141, 6, 'ThinkPad X1', '2 in 1 Convertible', 14, 2, 3, 3, 2440, 'Standard', 2560, 1440, 'Yes', 'Yes', 'No', 1, 3, 39, 512, '0', 'SSD', 'No', 1, 10),
	(1142, 8, 'GP62M 7RDX', 'Gaming', 16, 1, 3, 2, 1143, 'Full HD', 1920, 1080, 'No', 'No', 'No', 1, 3, 20, 128, '1024', 'SSD', 'HDD', 3, 17),
	(1143, 2, 'Spectre Pro', '2 in 1 Convertible', 13, 1, 3, 1, 1629, 'Full HD', 1920, 1080, 'Yes', 'No', 'No', 1, 2, 67, 256, '0', 'SSD', 'No', 1, 10),
	(1144, 2, 'ZBook 15', 'Workstation', 16, 1, 9, 3, 2229, 'Full HD', 1920, 1080, 'No', 'Yes', 'No', 1, 3, 58, 256, '0', 'SSD', 'No', 3, 82),
	(1145, 2, 'Spectre Pro', '2 in 1 Convertible', 13, 1, 3, 1, 1799, 'Standard', 2560, 1440, 'Yes', 'No', 'No', 1, 3, 39, 256, '0', 'SSD', 'No', 1, 10),
	(1146, 2, 'ZBook Studio', 'Workstation', 16, 1, 9, 2, 1899, 'Full HD', 1920, 1080, 'No', 'No', 'No', 1, 3, 58, 256, '0', 'SSD', 'No', 3, 82),
	(1147, 2, 'EliteBook 820', 'Ultrabook', 13, 1, 9, 1, 2297, 'Full HD', 1920, 1080, 'No', 'No', 'No', 1, 3, 35, 256, '0', 'SSD', 'No', 1, 10),
	(1148, 5, 'Vostro 5568', 'Notebook', 16, 1, 3, 2, 1010, 'Full HD', 1920, 1080, 'No', 'No', 'No', 1, 3, 9, 256, '0', 'SSD', 'No', 3, 15),
	(1149, 2, 'EliteBook 850', 'Notebook', 16, 1, 9, 2, 1579, 'Full HD', 1920, 1080, 'No', 'No', 'No', 1, 2, 28, 256, '0', 'SSD', 'No', 1, 10),
	(1150, 6, 'ThinkPad X1', '2 in 1 Convertible', 14, 1, 3, 1, 2339, 'Standard', 2560, 1440, 'Yes', 'Yes', 'No', 1, 3, 35, 256, '0', 'SSD', 'No', 1, 10),
	(1151, 6, 'V110-15ISK (i3-6006U/4GB/1TB/No', 'Notebook', 16, 3, 2, 2, 339, 'Standard', 1366, 768, 'No', 'No', 'No', 1, 2, 7, 1024, '0', 'HDD', 'No', 1, 10),
	(1152, 2, '15-BA015wm (E2-7110/4GB/500GB/W10)', 'Notebook', 16, 3, 3, 2, 297, 'Standard', 1366, 768, 'No', 'No', 'No', 2, 2, 61, 500, '0', 'HDD', 'No', 2, 69),
	(1153, 6, 'B51-80 (i5-6200U/8GB/1TB/Radeon', 'Notebook', 16, 1, 2, 2, 599, 'Full HD', 1920, 1080, 'No', 'No', 'No', 1, 2, 28, 1024, '0', 'HDD', 'No', 2, 99),
	(1154, 5, 'Inspiron 7567', 'Gaming', 16, 1, 3, 3, 1199, 'Full HD', 1920, 1080, 'No', 'No', 'No', 1, 3, 20, 1024, '0', 'HDD', 'No', 3, 94),
	(1155, 5, 'XPS 15', 'Notebook', 16, 1, 3, 2, 2251, '4K Ultra HD', 3840, 2160, 'Yes', 'Yes', 'No', 1, 2, 71, 256, '0', 'SSD', 'No', 3, 105),
	(1156, 2, '15-bw002nv (A6-9220/4GB/256GB/Radeon', 'Notebook', 16, 3, 3, 2, 479, 'Full HD', 1920, 1080, 'No', 'No', 'No', 2, 3, 38, 256, '0', 'SSD', 'No', 2, 29),
	(1157, 8, 'GP72M 7REX', 'Gaming', 17, 2, 3, 3, 1493, 'Full HD', 1920, 1080, 'No', 'No', 'No', 1, 3, 20, 256, '1024', 'SSD', 'HDD', 3, 31),
	(1158, 6, 'ThinkPad T460s', 'Ultrabook', 14, 5, 9, 1, 2299, 'Full HD', 1920, 1080, 'No', 'No', 'No', 1, 3, 39, 512, '0', 'SSD', 'No', 1, 10),
	(1159, 6, 'B51-80 (i5-6200U/8GB/1008GB/Radeon', 'Notebook', 16, 1, 3, 3, 788, 'Full HD', 1920, 1080, 'No', 'No', 'No', 1, 2, 28, 1024, '0', 'Hybrid', 'No', 2, 99),
	(1160, 2, 'Spectre Pro', '2 in 1 Convertible', 13, 1, 3, 1, 2041, 'Standard', 2560, 1440, 'Yes', 'No', 'No', 1, 3, 39, 512, '0', 'SSD', 'No', 1, 10),
	(1161, 6, 'ThinkPad T460', 'Ultrabook', 14, 1, 9, 2, 1499, 'Full HD', 1920, 1080, 'No', 'No', 'No', 1, 3, 39, 256, '0', 'SSD', 'No', 1, 10),
	(1162, 8, 'GS40 Phantom', 'Gaming', 14, 2, 3, 2, 1769, 'Full HD', 1920, 1080, 'No', 'No', 'No', 1, 3, 58, 256, '1024', 'SSD', 'HDD', 3, 71),
	(1163, 2, 'Pavilion 15-cb003nv', 'Gaming', 16, 1, 3, 3, 899, 'Full HD', 1920, 1080, 'No', 'Yes', 'No', 1, 3, 20, 1024, '0', 'HDD', 'No', 3, 17),
	(1164, 6, 'IdeaPad 310-15ISK', 'Notebook', 16, 1, 3, 2, 459, 'Standard', 1366, 768, 'No', 'No', 'No', 1, 2, 7, 1024, '0', 'HDD', 'No', 1, 10),
	(1165, 2, '250 G4', 'Notebook', 16, 3, 2, 2, 477, 'Standard', 1366, 768, 'No', 'No', 'No', 1, 2, 28, 500, '0', 'HDD', 'No', 1, 10),
	(1166, 5, 'Inspiron 7567', 'Gaming', 16, 1, 3, 3, 1498, '4K Ultra HD', 3840, 2160, 'No', 'No', 'No', 1, 3, 20, 128, '1024', 'SSD', 'HDD', 3, 31),
	(1167, 6, 'ThinkPad T570', 'Notebook', 16, 1, 3, 2, 1390, 'Full HD', 1920, 1080, 'No', 'Yes', 'No', 1, 3, 2, 256, '0', 'SSD', 'No', 1, 3),
	(1168, 6, '320-15ISK (i3-6006U/4GB/1TB/GeForce', 'Notebook', 16, 3, 3, 2, 468, 'Full HD', 1920, 1080, 'No', 'No', 'No', 1, 2, 7, 1024, '0', 'HDD', 'No', 3, 27),
	(1169, 2, 'Stream 14-AX000nv', 'Notebook', 14, 4, 3, 1, 249, 'Standard', 1366, 768, 'No', 'No', 'No', 1, 2, 24, 32, '0', 'Flash Storage', 'No', 1, 16),
	(1170, 8, 'PL60 7RD', 'Gaming', 16, 1, 3, 2, 839, 'Full HD', 1920, 1080, 'No', 'Yes', 'No', 1, 3, 9, 1024, '0', 'HDD', 'No', 3, 17),
	(1171, 2, '250 G5', 'Notebook', 16, 1, 3, 2, 679, 'Full HD', 1920, 1080, 'No', 'No', 'No', 1, 3, 35, 256, '0', 'SSD', 'No', 1, 10),
	(1172, 2, 'ProBook 450', 'Notebook', 16, 2, 3, 2, 1159, 'Full HD', 1920, 1080, 'No', 'No', 'No', 1, 2, 5, 512, '0', 'SSD', 'No', 1, 9),
	(1173, 4, 'X553SA-XX021T (N3050/4GB/500GB/W10)', 'Notebook', 16, 3, 3, 2, 369, 'Standard', 1366, 768, 'No', 'No', 'No', 1, 2, 69, 500, '0', 'HDD', 'No', 1, 21),
	(1174, 6, 'V110-15ISK (i5-6200U/4GB/500GB/No', 'Notebook', 16, 3, 2, 2, 398, 'Standard', 1366, 768, 'No', 'No', 'No', 1, 2, 28, 500, '0', 'HDD', 'No', 1, 10),
	(1175, 6, 'IdeaPad 510-15IKB', 'Notebook', 16, 1, 2, 2, 709, 'Full HD', 1920, 1080, 'No', 'No', 'No', 1, 3, 9, 1024, '0', 'HDD', 'No', 3, 15),
	(1176, 4, 'UX410UA-GV097T (i3-7100U/4GB/256GB/FHD/W10)', 'Notebook', 14, 3, 3, 2, 769, 'Full HD', 1920, 1080, 'No', 'No', 'No', 1, 2, 10, 256, '0', 'SSD', 'No', 1, 3),
	(1177, 6, 'B51-80 (i7-6500U/4GB/1008GB/FHD/W7)', 'Notebook', 16, 3, 9, 2, 825, 'Full HD', 1920, 1080, 'No', 'No', 'No', 1, 3, 35, 1024, '0', 'Hybrid', 'No', 1, 10),
	(1178, 6, 'IdeaPad Y700-15ISK', 'Gaming', 16, 2, 3, 3, 1305, 'Full HD', 1920, 1080, 'No', 'Yes', 'No', 1, 3, 58, 512, '0', 'SSD', 'No', 3, 74),
	(1179, 8, 'GS60 Ghost', 'Gaming', 16, 2, 3, 2, 2153, 'Full HD', 1920, 1080, 'No', 'No', 'No', 1, 3, 58, 128, '1024', 'SSD', 'HDD', 3, 71),
	(1180, 2, 'ProBook 450', 'Notebook', 16, 3, 3, 2, 650, 'Standard', 1366, 768, 'No', 'No', 'No', 1, 2, 59, 500, '0', 'HDD', 'No', 1, 10),
	(1181, 6, 'ThinkPad X1', '2 in 1 Convertible', 14, 1, 3, 1, 1637, 'Standard', 2560, 1440, 'Yes', 'Yes', 'No', 1, 2, 28, 256, '0', 'SSD', 'No', 1, 10),
	(1182, 6, 'IdeaPad 310-15IKB', 'Ultrabook', 16, 6, 3, 2, 831, 'Full HD', 1920, 1080, 'No', 'No', 'No', 1, 3, 9, 256, '0', 'SSD', 'No', 3, 36),
	(1183, 5, 'Vostro 5568', 'Notebook', 16, 1, 5, 2, 895, 'Full HD', 1920, 1080, 'No', 'No', 'No', 1, 3, 9, 256, '0', 'SSD', 'No', 3, 58),
	(1184, 3, 'Aspire 3', 'Notebook', 16, 3, 3, 2, 333, 'Standard', 1366, 768, 'No', 'No', 'No', 1, 2, 18, 500, '0', 'HDD', 'No', 1, 22),
	(1185, 2, 'Pavilion 15-BC000nv', 'Notebook', 16, 6, 3, 2, 799, 'Full HD', 1920, 1080, 'No', 'Yes', 'No', 1, 3, 58, 1024, '0', 'HDD', 'No', 3, 68),
	(1186, 4, 'Rog GL552VW-DM201T', 'Gaming', 16, 1, 3, 3, 909, 'Full HD', 1920, 1080, 'No', 'Yes', 'No', 1, 3, 58, 256, '1024', 'SSD', 'HDD', 3, 68),
	(1187, 5, 'Inspiron 5578', '2 in 1 Convertible', 16, 2, 3, 2, 1179, 'Full HD', 1920, 1080, 'Yes', 'No', 'No', 1, 3, 9, 512, '0', 'SSD', 'No', 1, 3),
	(1188, 3, 'Aspire E5-576G', 'Notebook', 16, 3, 3, 2, 691, 'Full HD', 1920, 1080, 'No', 'No', 'No', 1, 3, 2, 256, '0', 'SSD', 'No', 3, 15),
	(1189, 5, 'XPS 13', 'Ultrabook', 13, 1, 5, 1, 1099, 'Quad HD+', 3200, 1800, 'Yes', 'No', 'No', 1, 2, 67, 256, '0', 'SSD', 'No', 1, 10),
	(1190, 3, 'Predator G9-793', 'Gaming', 17, 2, 3, 4, 2599, 'Full HD', 1920, 1080, 'No', 'Yes', 'No', 1, 3, 20, 256, '1024', 'SSD', 'HDD', 3, 30),
	(1191, 6, 'Legion Y520-15IKBN', 'Gaming', 16, 1, 3, 2, 819, 'Full HD', 1920, 1080, 'No', 'Yes', 'No', 1, 3, 12, 1024, '0', 'HDD', 'No', 3, 17),
	(1192, 16, 'Chromebook Plus', '2 in 1 Convertible', 12, 3, 8, 1, 659, 'Standard', 2400, 1600, 'Yes', 'Yes', 'No', 3, 2, 88, 32, '0', 'Flash Storage', 'No', 4, 106),
	(1193, 2, '250 G6', 'Notebook', 16, 3, 3, 2, 485, 'Standard', 1366, 768, 'No', 'No', 'No', 1, 3, 2, 500, '0', 'HDD', 'No', 1, 3),
	(1194, 1, 'MacBook 12"', 'Ultrabook', 12, 1, 4, 1, 1163, 'Standard', 2304, 1440, 'No', 'Yes', 'Yes', 1, 1, 78, 256, '0', 'Flash Storage', 'No', 1, 86),
	(1195, 5, 'Inspiron 7378', '2 in 1 Convertible', 13, 1, 3, 2, 1199, 'Full HD', 1920, 1080, 'Yes', 'Yes', 'No', 1, 3, 2, 256, '0', 'SSD', 'No', 1, 3),
	(1196, 2, 'Pavilion Power', 'Notebook', 16, 5, 3, 2, 1327, 'Full HD', 1920, 1080, 'No', 'Yes', 'No', 1, 3, 20, 128, '1024', 'SSD', 'HDD', 3, 17),
	(1197, 6, 'V110-15ISK (i3-6006U/4GB/1TB/Radeon', 'Notebook', 16, 3, 2, 2, 368, 'Standard', 1366, 768, 'No', 'No', 'No', 1, 2, 7, 1024, '0', 'HDD', 'No', 2, 12),
	(1198, 4, 'Rog G752VY-GC229T', 'Gaming', 17, 2, 3, 4, 2150, 'Full HD', 1920, 1080, 'No', 'Yes', 'No', 1, 3, 58, 512, '1024', 'SSD', 'HDD', 3, 49),
	(1199, 3, 'Aspire 3', 'Notebook', 16, 3, 5, 2, 272, 'Standard', 1366, 768, 'No', 'No', 'No', 1, 2, 18, 1024, '0', 'HDD', 'No', 1, 22),
	(1200, 8, 'GS73VR 7RF', 'Gaming', 17, 2, 3, 2, 2049, 'Full HD', 1920, 1080, 'No', 'No', 'No', 1, 3, 20, 256, '1024', 'SSD', 'HDD', 3, 23),
	(1201, 5, 'Inspiron 5567', 'Notebook', 16, 3, 3, 2, 499, 'Standard', 1366, 768, 'No', 'No', 'No', 1, 2, 7, 128, '0', 'SSD', 'No', 2, 76),
	(1202, 6, 'IdeaPad 310-15ISK', 'Notebook', 16, 1, 2, 2, 629, 'Standard', 1366, 768, 'No', 'No', 'No', 1, 3, 35, 500, '0', 'HDD', 'No', 3, 27),
	(1203, 5, 'Inspiron 5579', '2 in 1 Convertible', 16, 2, 3, 2, 1285, 'Full HD', 1920, 1080, 'Yes', 'No', 'No', 1, 2, 5, 512, '0', 'SSD', 'No', 1, 9),
	(1204, 5, 'XPS 13', 'Ultrabook', 13, 2, 3, 1, 2680, 'Quad HD+', 3200, 1800, 'Yes', 'No', 'No', 1, 3, 9, 512, '0', 'SSD', 'No', 1, 3),
	(1205, 4, 'FX502VM-DM105T (i7-6700HQ/8GB/1TB/GeForce', 'Gaming', 16, 1, 3, 2, 1169, 'Full HD', 1920, 1080, 'No', 'No', 'No', 1, 3, 58, 1024, '0', 'HDD', 'No', 3, 23),
	(1206, 5, 'Inspiron 5567', 'Notebook', 16, 1, 3, 2, 889, 'Full HD', 1920, 1080, 'No', 'No', 'No', 1, 3, 2, 256, '0', 'SSD', 'No', 2, 37),
	(1207, 2, '15-bs025nv (i5-7200U/8GB/256GB/W10)', 'Notebook', 16, 1, 3, 2, 579, 'Standard', 1366, 768, 'No', 'No', 'No', 1, 3, 2, 256, '0', 'SSD', 'No', 1, 3),
	(1208, 6, 'IdeaPad 320-15AST', 'Notebook', 16, 3, 3, 2, 299, 'Standard', 1366, 768, 'No', 'No', 'No', 2, 2, 89, 500, '0', 'HDD', 'No', 2, 69),
	(1209, 3, 'Aspire E5-774G', 'Notebook', 17, 1, 3, 3, 629, 'Standard', 1600, 900, 'No', 'No', 'No', 1, 2, 7, 1024, '0', 'HDD', 'No', 3, 15),
	(1210, 4, 'Rog Strix', 'Gaming', 16, 2, 3, 2, 2449, 'Full HD', 1920, 1080, 'No', 'No', 'No', 1, 3, 20, 256, '1024', 'SSD', 'HDD', 3, 30),
	(1211, 1, 'MacBook 12"', 'Ultrabook', 12, 1, 4, 1, 1279, 'Standard', 2304, 1440, 'No', 'Yes', 'Yes', 1, 1, 78, 512, '0', 'Flash Storage', 'No', 1, 40),
	(1212, 4, 'FX502VM-AS73 (i7-7700HQ/16GB/1TB', 'Notebook', 16, 2, 3, 2, 1749, 'Full HD', 1920, 1080, 'No', 'No', 'No', 1, 3, 20, 128, '1024', 'SSD', 'HDD', 3, 23),
	(1213, 8, 'GS73VR Stealth', 'Gaming', 17, 2, 3, 2, 1949, 'Full HD', 1920, 1080, 'No', 'Yes', 'No', 1, 3, 58, 256, '1024', 'SSD', 'HDD', 3, 23),
	(1214, 5, 'Inspiron 7579', '2 in 1 Convertible', 16, 1, 3, 2, 999, 'Full HD', 1920, 1080, 'Yes', 'Yes', 'No', 1, 3, 2, 256, '0', 'SSD', 'No', 1, 3),
	(1215, 4, 'ROG Strix', 'Gaming', 17, 2, 3, 3, 1949, 'Full HD', 1920, 1080, 'No', 'No', 'No', 1, 3, 20, 256, '1024', 'SSD', 'HDD', 3, 23),
	(1216, 3, 'C740-C9QX (3205U/2GB/32GB/Chrome', 'Netbook', 12, 4, 8, 1, 174, 'Standard', 1366, 768, 'No', 'No', 'No', 1, 2, 40, 32, '0', 'SSD', 'No', 1, 21),
	(1217, 3, 'E5 774G', 'Notebook', 17, 3, 3, 3, 598, 'Standard', 1600, 900, 'No', 'No', 'No', 1, 2, 7, 1024, '0', 'HDD', 'No', 3, 15),
	(1218, 6, 'IdeaPad 320-17IKB', 'Notebook', 17, 1, 2, 3, 539, 'Standard', 1600, 900, 'No', 'No', 'No', 1, 3, 2, 1024, '0', 'HDD', 'No', 1, 3),
	(1219, 6, 'IdeaPad Y700-15ISK', 'Gaming', 16, 1, 3, 3, 1272, 'Full HD', 1920, 1080, 'No', 'Yes', 'No', 1, 3, 58, 128, '1024', 'SSD', 'HDD', 3, 72),
	(1220, 3, 'SP714-51 (i7-7Y75/8GB/256GB/FHD/W10)', '2 in 1 Convertible', 14, 1, 3, 1, 1149, 'Full HD', 1920, 1080, 'Yes', 'Yes', 'No', 1, 1, 53, 256, '0', 'SSD', 'No', 1, 13),
	(1221, 6, 'Thinkpad T560', 'Notebook', 16, 1, 3, 2, 1529, 'Full HD', 1920, 1080, 'No', 'Yes', 'No', 1, 3, 39, 256, '0', 'SSD', 'No', 1, 10),
	(1222, 8, 'GP62MVR 6RF', 'Gaming', 16, 1, 3, 2, 1476, 'Full HD', 1920, 1080, 'No', 'No', 'No', 1, 3, 58, 128, '1024', 'SSD', 'HDD', 3, 23),
	(1223, 2, '15-bw009nv (A12-9720P/6GB/1TB/Radeon', 'Notebook', 16, 6, 3, 2, 529, 'Full HD', 1920, 1080, 'No', 'No', 'No', 2, 3, 47, 1024, '0', 'HDD', 'No', 2, 19),
	(1224, 5, 'Latitude E7270', 'Ultrabook', 13, 1, 9, 1, 1713, 'Full HD', 1920, 1080, 'Yes', 'No', 'No', 1, 2, 67, 256, '0', 'SSD', 'No', 1, 10),
	(1225, 5, 'Inspiron 5578', '2 in 1 Convertible', 15, 3, 3, 2, 509, 'Full HD', 1920, 1080, 'Yes', 'No', 'No', 1, 2, 10, 500, '0', 'HDD', 'No', 1, 3),
	(1226, 4, 'X540SA-RBPDN09 (N3710/4GB/1TB/W10)', 'Notebook', 16, 3, 3, 3, 309, 'Standard', 1366, 768, 'No', 'No', 'No', 1, 2, 46, 1024, '0', 'HDD', 'No', 1, 56),
	(1227, 5, 'XPS 13', 'Ultrabook', 13, 1, 3, 1, 1477, 'Quad HD+', 3200, 1800, 'Yes', 'No', 'No', 1, 3, 9, 256, '0', 'SSD', 'No', 1, 3),
	(1228, 5, 'Vostro 3568', 'Notebook', 16, 3, 5, 2, 522, 'Standard', 1366, 768, 'No', 'No', 'No', 1, 3, 2, 1024, '0', 'HDD', 'No', 1, 10),
	(1229, 6, 'IdeaPad Y700-15ISK', 'Gaming', 16, 2, 3, 3, 1029, 'Full HD', 1920, 1080, 'Yes', 'Yes', 'No', 1, 3, 58, 128, '1024', 'SSD', 'HDD', 3, 68),
	(1230, 8, 'GL62M 7RDX', 'Gaming', 16, 1, 3, 2, 1149, 'Full HD', 1920, 1080, 'No', 'No', 'No', 1, 3, 20, 128, '1024', 'SSD', 'HDD', 3, 17),
	(1231, 6, 'ThinkPad Yoga', 'Netbook', 13, 2, 3, 1, 1650, 'Full HD', 1920, 1080, 'Yes', 'Yes', 'No', 1, 3, 35, 512, '0', 'SSD', 'No', 1, 10),
	(1232, 14, 'Blade Pro', 'Gaming', 14, 2, 3, 2, 3499, 'Full HD', 1920, 1080, 'No', 'No', 'No', 1, 3, 20, 1024, '0', 'SSD', 'No', 3, 23),
	(1233, 5, 'Inspiron 3567', 'Notebook', 16, 1, 3, 2, 469, 'Standard', 1366, 768, 'Yes', 'No', 'No', 1, 2, 10, 1024, '0', 'HDD', 'No', 1, 3),
	(1234, 8, 'GE72VR Apache', 'Gaming', 17, 2, 3, 3, 1598, 'Full HD', 1920, 1080, 'No', 'No', 'No', 1, 3, 20, 256, '1024', 'SSD', 'HDD', 3, 23),
	(1235, 1, 'MacBook Air', 'Ultrabook', 12, 3, 4, 1, 959, 'Standard', 1366, 768, 'No', 'No', 'No', 1, 2, 1, 256, '0', 'Flash Storage', 'No', 1, 2),
	(1236, 2, '15-bs023nv (i3-6006U/4GB/1TB/FHD/W10)', 'Notebook', 16, 3, 3, 2, 478, 'Full HD', 1920, 1080, 'No', 'No', 'No', 1, 2, 7, 1024, '0', 'HDD', 'No', 1, 10),
	(1237, 2, 'EliteBook 840', 'Ultrabook', 14, 1, 9, 2, 2198, 'Standard', 2560, 1440, 'No', 'No', 'No', 1, 3, 35, 256, '0', 'SSD', 'No', 1, 10),
	(1238, 5, 'Vostro 3559', 'Notebook', 16, 3, 9, 2, 737, 'Standard', 1366, 768, 'No', 'No', 'No', 1, 2, 28, 500, '0', 'HDD', 'No', 1, 10),
	(1239, 8, 'GL62 6QF', 'Gaming', 16, 1, 3, 2, 1169, 'Full HD', 1920, 1080, 'No', 'No', 'No', 1, 3, 58, 128, '1024', 'SSD', 'HDD', 3, 68),
	(1240, 6, 'ThinkPad 13', 'Notebook', 13, 2, 3, 1, 1499, 'Full HD', 1920, 1080, 'No', 'Yes', 'No', 1, 3, 9, 512, '0', 'SSD', 'No', 1, 3),
	(1241, 6, 'IdeaPad 320-15ABR', 'Notebook', 16, 6, 3, 2, 598, 'Full HD', 1920, 1080, 'No', 'No', 'No', 2, 4, 47, 256, '0', 'SSD', 'No', 2, 19),
	(1242, 4, 'ZenBook UX310UA-WB71', 'Ultrabook', 13, 1, 3, 1, 1280, 'Full HD', 1920, 1080, 'No', 'No', 'No', 1, 3, 35, 256, '0', 'SSD', 'No', 1, 10),
	(1243, 3, 'Aspire ES1-572', 'Notebook', 16, 3, 5, 2, 362, 'Standard', 1366, 768, 'No', 'No', 'No', 1, 2, 7, 500, '0', 'HDD', 'No', 1, 10),
	(1244, 5, 'Inspiron 7779', '2 in 1 Convertible', 17, 2, 3, 3, 1799, 'Full HD', 1920, 1080, 'Yes', 'No', 'No', 1, 3, 9, 512, '0', 'SSD', 'No', 3, 15),
	(1245, 2, 'EliteBook 840', 'Notebook', 14, 3, 9, 2, 1100, 'Full HD', 1920, 1080, 'No', 'No', 'No', 1, 2, 28, 256, '0', 'SSD', 'No', 1, 10),
	(1246, 4, 'Rog GL553VE-FY052T', 'Gaming', 16, 2, 3, 3, 1600, 'Full HD', 1920, 1080, 'No', 'Yes', 'No', 1, 3, 20, 256, '1024', 'SSD', 'HDD', 3, 31),
	(1247, 5, 'Latitude 5480', 'Notebook', 14, 3, 3, 2, 875, 'Standard', 1366, 768, 'No', 'No', 'No', 1, 3, 2, 500, '0', 'HDD', 'No', 1, 3),
	(1248, 4, 'Rog GL502VS', 'Gaming', 16, 2, 3, 2, 2325, 'Full HD', 1920, 1080, 'No', 'Yes', 'No', 1, 3, 58, 256, '1024', 'SSD', 'HDD', 3, 30),
	(1249, 6, 'V510-15IKB (i5-7200U/8GB/256GB/FHD/No', 'Notebook', 16, 1, 2, 2, 573, 'Full HD', 1920, 1080, 'No', 'Yes', 'No', 1, 3, 2, 256, '0', 'SSD', 'No', 1, 3),
	(1250, 5, 'XPS 13', '2 in 1 Convertible', 13, 1, 3, 1, 1813, 'Quad HD+', 3200, 1800, 'Yes', 'No', 'No', 1, 1, 32, 256, '0', 'SSD', 'No', 1, 13),
	(1251, 5, 'Inspiron 3552', 'Notebook', 16, 3, 5, 2, 324, 'Standard', 1366, 768, 'No', 'No', 'No', 1, 2, 46, 500, '0', 'HDD', 'No', 1, 21),
	(1252, 2, '255 G6', 'Notebook', 16, 3, 3, 2, 399, 'Standard', 1366, 768, 'No', 'No', 'No', 2, 3, 17, 500, '0', 'HDD', 'No', 2, 28),
	(1253, 6, 'IdeaPad 310-15ISK', 'Notebook', 16, 6, 3, 2, 569, 'Full HD', 1920, 1080, 'No', 'No', 'No', 1, 2, 59, 128, '0', 'SSD', 'No', 3, 27),
	(1254, 6, 'ThinkPad L460', 'Notebook', 14, 1, 3, 2, 1072, 'Full HD', 1920, 1080, 'No', 'Yes', 'No', 1, 2, 28, 256, '0', 'SSD', 'No', 1, 10),
	(1255, 5, 'Inspiron 3552', 'Notebook', 16, 3, 3, 2, 444, 'Standard', 1366, 768, 'No', 'No', 'No', 1, 2, 86, 500, '0', 'HDD', 'No', 1, 21),
	(1256, 4, 'X541NA-GO020T (N3350/4GB/1TB/W10)', 'Notebook', 16, 3, 3, 2, 339, 'Standard', 1366, 768, 'No', 'No', 'No', 1, 1, 18, 1024, '0', 'HDD', 'No', 1, 22),
	(1257, 4, 'Rog G752VT-GC073T', 'Gaming', 17, 2, 3, 4, 1900, 'Full HD', 1920, 1080, 'No', 'Yes', 'No', 1, 3, 58, 128, '1024', 'SSD', 'HDD', 3, 71),
	(1258, 5, 'Vostro 3568', 'Notebook', 16, 3, 3, 2, 490, 'Standard', 1366, 768, 'No', 'No', 'No', 1, 2, 7, 500, '0', 'HDD', 'No', 1, 10),
	(1259, 6, 'B51-80 (i7-6500U/8GB/1008GB/Radeon', 'Notebook', 16, 1, 9, 2, 895, 'Full HD', 1920, 1080, 'No', 'No', 'No', 1, 3, 35, 1024, '0', 'Hybrid', 'No', 2, 99),
	(1260, 8, 'GE62 Apache', 'Gaming', 16, 1, 3, 2, 1229, 'Full HD', 1920, 1080, 'No', 'No', 'No', 1, 3, 58, 128, '1024', 'SSD', 'HDD', 3, 68),
	(1261, 6, 'Yoga 500-14IBD', '2 in 1 Convertible', 14, 3, 3, 2, 833, 'Full HD', 1920, 1080, 'Yes', 'No', 'No', 1, 2, 28, 128, '0', 'SSD', 'No', 1, 10),
	(1262, 4, 'ZenBook UX305CA-UBM1', 'Ultrabook', 13, 1, 3, 1, 729, 'Full HD', 1920, 1080, 'No', 'Yes', 'No', 1, 1, 90, 512, '0', 'SSD', 'No', 1, 40),
	(1263, 5, 'Inspiron 3567', 'Notebook', 16, 6, 3, 2, 459, 'Standard', 1366, 768, 'No', 'No', 'No', 1, 2, 10, 1024, '0', 'HDD', 'No', 1, 3),
	(1264, 3, 'Aspire ES1-531', 'Notebook', 16, 3, 5, 2, 289, 'Standard', 1366, 768, 'No', 'No', 'No', 1, 2, 24, 500, '0', 'HDD', 'No', 1, 16),
	(1265, 5, 'Inspiron 3552', 'Notebook', 16, 4, 3, 2, 379, 'Standard', 1366, 768, 'No', 'No', 'No', 1, 2, 69, 500, '0', 'HDD', 'No', 1, 21),
	(1266, 6, 'IdeaPad Y700-15ISK', 'Notebook', 16, 1, 3, 3, 899, 'Full HD', 1920, 1080, 'No', 'Yes', 'No', 1, 3, 58, 1024, '0', 'HDD', 'No', 3, 68),
	(1267, 2, 'Pavilion 15-AW003nv', 'Notebook', 16, 6, 3, 2, 550, 'Full HD', 1920, 1080, 'No', 'No', 'No', 2, 3, 91, 1024, '0', 'Hybrid', 'No', 2, 76),
	(1268, 5, 'Inspiron 3567', 'Notebook', 16, 1, 5, 2, 806, 'Standard', 1366, 768, 'No', 'No', 'No', 1, 3, 9, 1024, '0', 'HDD', 'No', 2, 12),
	(1269, 2, 'Stream 11-Y000na', 'Netbook', 12, 4, 3, 1, 209, 'Standard', 1366, 768, 'No', 'No', 'No', 1, 2, 24, 32, '0', 'Flash Storage', 'No', 1, 16),
	(1270, 4, 'X556UJ-XO044T (i7-6500U/4GB/500GB/GeForce', 'Notebook', 16, 3, 3, 2, 720, 'Standard', 1366, 768, 'No', 'No', 'No', 1, 3, 35, 500, '0', 'HDD', 'No', 3, 36),
	(1271, 6, 'Yoga 500-14ISK', '2 in 1 Convertible', 14, 3, 3, 2, 638, 'Full HD', 1920, 1080, 'Yes', 'Yes', 'No', 1, 3, 35, 128, '0', 'SSD', 'No', 1, 10),
	(1272, 6, 'Yoga 900-13ISK', '2 in 1 Convertible', 13, 2, 3, 1, 1499, 'Quad HD+', 3200, 1800, 'Yes', 'Yes', 'No', 1, 3, 35, 512, '0', 'SSD', 'No', 1, 10),
	(1273, 6, 'IdeaPad 100S-14IBR', 'Notebook', 14, 4, 3, 2, 229, 'Standard', 1366, 768, 'No', 'No', 'No', 1, 2, 69, 64, '0', 'Flash Storage', 'No', 1, 21),
	(1274, 2, '15-AC110nv (i7-6500U/6GB/1TB/Radeon', 'Notebook', 16, 6, 3, 2, 764, 'Standard', 1366, 768, 'No', 'No', 'No', 1, 3, 35, 1024, '0', 'HDD', 'No', 2, 99),
	(1275, 4, 'X553SA-XX031T (N3050/4GB/500GB/W10)', 'Notebook', 16, 3, 3, 2, 369, 'Standard', 1366, 768, 'No', 'No', 'No', 1, 2, 69, 500, '0', 'HDD', 'No', 1, 21);

CREATE TABLE IF NOT EXISTS `modelo_cpu` (
  `cpum_code` int(11) NOT NULL,
  `cpum_nomb` varchar(255) DEFAULT NULL,
  PRIMARY KEY (`cpum_code`)
) ENGINE=InnoDB DEFAULT CHARSET=utf8mb4 COLLATE=utf8mb4_general_ci;

INSERT INTO `modelo_cpu` (`cpum_code`, `cpum_nomb`) VALUES
	(1, 'Core i5'),
	(2, 'Core i5 7200U'),
	(3, 'Core i7'),
	(4, 'A9-Series 9420'),
	(5, 'Core i7 8550U'),
	(6, 'Core i5 8250U'),
	(7, 'Core i3 6006U'),
	(8, 'Core M m3'),
	(9, 'Core i7 7500U'),
	(10, 'Core i3 7100U'),
	(11, 'Atom x5-Z8350'),
	(12, 'Core i5 7300HQ'),
	(13, 'E-Series E2-9000e'),
	(14, 'Core i7 8650U'),
	(15, 'Atom x5-Z8300'),
	(16, 'E-Series E2-6110'),
	(17, 'A6-Series 9220'),
	(18, 'Celeron Dual Core N3350'),
	(19, 'Core i3 7130U'),
	(20, 'Core i7 7700HQ'),
	(21, 'Ryzen 1700'),
	(22, 'Pentium Quad Core N4200'),
	(23, 'Atom x5-Z8550'),
	(24, 'Celeron Dual Core N3060'),
	(25, 'FX 9830P'),
	(26, 'Core i7 7560U'),
	(27, 'E-Series 6110'),
	(28, 'Core i5 6200U'),
	(29, 'Core M 6Y75'),
	(30, 'Core i5 7500U'),
	(31, 'Core i7 6920HQ'),
	(32, 'Core i5 7Y54'),
	(33, 'Core i7 7820HK'),
	(34, 'Xeon E3-1505M V6'),
	(35, 'Core i7 6500U'),
	(36, 'E-Series 9000e'),
	(37, 'A10-Series A10-9620P'),
	(38, 'A6-Series A6-9220'),
	(39, 'Core i7 6600U'),
	(40, 'Celeron Dual Core 3205U'),
	(41, 'Core i7 7820HQ'),
	(42, 'A10-Series 9600P'),
	(43, 'Core i7 7600U'),
	(44, 'A8-Series 7410'),
	(45, 'Celeron Dual Core 3855U'),
	(46, 'Pentium Quad Core N3710'),
	(47, 'A12-Series 9720P'),
	(48, 'Core i5 7300U'),
	(49, 'Celeron Quad Core N3450'),
	(50, 'Core i5 6440HQ'),
	(51, 'Core i7 6820HQ'),
	(52, 'Ryzen 1600'),
	(53, 'Core i7 7Y75'),
	(54, 'Core i5 7440HQ'),
	(55, 'Core i7 7660U'),
	(56, 'Core M m3-7Y30'),
	(57, 'Core i5 7Y57'),
	(58, 'Core i7 6700HQ'),
	(59, 'Core i3 6100U'),
	(60, 'A10-Series 9620P'),
	(61, 'E-Series 7110'),
	(62, 'A9-Series A9-9420'),
	(63, 'Core i7 6820HK'),
	(64, 'Core M 7Y30'),
	(65, 'Xeon E3-1535M v6'),
	(66, 'Celeron Quad Core N3160'),
	(67, 'Core i5 6300U'),
	(68, 'E-Series E2-9000'),
	(69, 'Celeron Dual Core N3050'),
	(70, 'Core M M3-6Y30'),
	(71, 'Core i5 6300HQ'),
	(72, 'A6-Series 7310'),
	(73, 'Atom Z8350'),
	(74, 'Xeon E3-1535M v5'),
	(75, 'Core i5 6260U'),
	(76, 'Pentium Dual Core N4200'),
	(77, 'Celeron Quad Core N3710'),
	(78, 'Core M'),
	(79, 'A12-Series 9700P'),
	(80, 'Pentium Dual Core 4405U'),
	(81, 'A4-Series 7210'),
	(82, 'Core i7 6560U'),
	(83, 'Core M m7-6Y75'),
	(84, 'FX 8800P'),
	(85, 'Pentium Dual Core 4405Y'),
	(86, 'Pentium Quad Core N3700'),
	(87, 'Core M 6Y54'),
	(88, 'Cortex A72&A53'),
	(89, 'E-Series 9000'),
	(90, 'Core M 6Y30'),
	(91, 'A9-Series 9410');

CREATE TABLE IF NOT EXISTS `modelo_gpu` (
  `gpum_code` int(11) NOT NULL,
  `gpum_nomb` varchar(255) DEFAULT NULL,
  PRIMARY KEY (`gpum_code`)
) ENGINE=InnoDB DEFAULT CHARSET=utf8mb4 COLLATE=utf8mb4_general_ci;

INSERT INTO `modelo_gpu` (`gpum_code`, `gpum_nomb`) VALUES
	(1, 'Iris Plus Graphics 640'),
	(2, 'HD Graphics 6000'),
	(3, 'HD Graphics 620'),
	(4, 'Radeon Pro 455'),
	(5, 'Iris Plus Graphics 650'),
	(6, 'Radeon R5'),
	(7, 'Iris Pro Graphics'),
	(8, 'GeForce MX150'),
	(9, 'UHD Graphics 620'),
	(10, 'HD Graphics 520'),
	(11, 'Radeon Pro 555'),
	(12, 'Radeon R5 M430'),
	(13, 'HD Graphics 615'),
	(14, 'Radeon Pro 560'),
	(15, 'GeForce 940MX'),
	(16, 'HD Graphics 400'),
	(17, 'GeForce GTX 1050'),
	(18, 'Radeon R2'),
	(19, 'Radeon 530'),
	(20, 'GeForce 930MX'),
	(21, 'HD Graphics'),
	(22, 'HD Graphics 500'),
	(23, 'GeForce GTX 1060'),
	(24, 'GeForce 150MX'),
	(25, 'Iris Graphics 540'),
	(26, 'Radeon RX 580'),
	(27, 'GeForce 920MX'),
	(28, 'Radeon R4 Graphics'),
	(29, 'Radeon 520'),
	(30, 'GeForce GTX 1070'),
	(31, 'GeForce GTX 1050 Ti'),
	(32, 'GeForce MX130'),
	(33, 'R4 Graphics'),
	(34, 'GeForce GTX 940MX'),
	(35, 'Radeon RX 560'),
	(36, 'GeForce 920M'),
	(37, 'Radeon R7 M445'),
	(38, 'Radeon RX 550'),
	(39, 'GeForce GTX 1050M'),
	(40, 'HD Graphics 515'),
	(41, 'Radeon R5 M420'),
	(42, 'HD Graphics 505'),
	(43, 'GTX 980 SLI'),
	(44, 'R17M-M1-70'),
	(45, 'GeForce GTX 1080'),
	(46, 'Quadro M1200'),
	(47, 'GeForce GTX 950M'),
	(48, 'FirePro W4190M '),
	(49, 'GeForce GTX 980M'),
	(50, 'Iris Graphics 550'),
	(51, 'GeForce 930M'),
	(52, 'HD Graphics 630'),
	(53, 'Radeon R5 430'),
	(54, 'GeForce GTX 940M'),
	(55, 'HD Graphics 510'),
	(56, 'HD Graphics 405'),
	(57, 'Radeon RX 540'),
	(58, 'GeForce GT 940MX'),
	(59, 'FirePro W5130M'),
	(60, 'Quadro M2200M'),
	(61, 'Radeon R4'),
	(62, 'Quadro M620'),
	(63, 'Radeon R7 M460'),
	(64, 'HD Graphics 530'),
	(65, 'GeForce GTX 965M'),
	(66, 'GeForce GTX1080'),
	(67, 'GeForce GTX1050 Ti'),
	(68, 'GeForce GTX 960M'),
	(69, 'Radeon R2 Graphics'),
	(70, 'Quadro M620M'),
	(71, 'GeForce GTX 970M'),
	(72, 'GeForce GTX 960<U+039C>'),
	(73, 'Graphics 620'),
	(74, 'GeForce GTX 960'),
	(75, 'Radeon R5 520'),
	(76, 'Radeon R7 M440'),
	(77, 'Radeon R7'),
	(78, 'Quadro M520M'),
	(79, 'Quadro M2200'),
	(80, 'Quadro M2000M'),
	(81, 'HD Graphics 540'),
	(82, 'Quadro M1000M'),
	(83, 'Radeon 540'),
	(84, 'GeForce GTX 1070M'),
	(85, 'GeForce GTX1060'),
	(86, 'HD Graphics 5300'),
	(87, 'Radeon R5 M420X'),
	(88, 'Radeon R7 Graphics'),
	(89, 'GeForce 920'),
	(90, 'GeForce 940M'),
	(91, 'GeForce GTX 930MX'),
	(92, 'Radeon R7 M465'),
	(93, 'Radeon R3'),
	(94, 'GeForce GTX 1050Ti'),
	(95, 'Radeon R7 M365X'),
	(96, 'Radeon R9 M385'),
	(97, 'Quadro 3000M'),
	(98, 'GeForce GTX 980 '),
	(99, 'Radeon R5 M330'),
	(100, 'FirePro W6150M'),
	(101, 'Radeon R5 M315'),
	(102, 'Quadro M500M'),
	(103, 'Radeon R7 M360'),
	(104, 'Quadro M3000M'),
	(105, 'GeForce 960M'),
	(106, 'Mali T860 MP4');

CREATE TABLE IF NOT EXISTS `ram` (
  `ram_code` int(11) NOT NULL,
  `ram_tmño` tinyint(4) DEFAULT NULL,
  PRIMARY KEY (`ram_code`)
) ENGINE=InnoDB DEFAULT CHARSET=utf8mb4 COLLATE=utf8mb4_general_ci;

INSERT INTO `ram` (`ram_code`, `ram_tmño`) VALUES
	(1, 8),
	(2, 16),
	(3, 4),
	(4, 2),
	(5, 12),
	(6, 6),
	(7, 32),
	(8, 24),
	(9, 64);

CREATE TABLE IF NOT EXISTS `so` (
  `sop_code` int(11) NOT NULL,
  `sop_nomb` varchar(255) DEFAULT NULL,
  PRIMARY KEY (`sop_code`)
) ENGINE=InnoDB DEFAULT CHARSET=utf8mb4 COLLATE=utf8mb4_general_ci;

INSERT INTO `so` (`sop_code`, `sop_nomb`) VALUES
	(1, 'macOS'),
	(2, 'No OS'),
	(3, 'Windows 10'),
	(4, 'Mac OS X'),
	(5, 'Linux'),
	(6, 'Android'),
	(7, 'Windows 10 S'),
	(8, 'Chrome OS'),
	(9, 'Windows 7');

/*!40103 SET TIME_ZONE=IFNULL(@OLD_TIME_ZONE, 'system') */;
/*!40101 SET SQL_MODE=IFNULL(@OLD_SQL_MODE, '') */;
/*!40014 SET FOREIGN_KEY_CHECKS=IFNULL(@OLD_FOREIGN_KEY_CHECKS, 1) */;
/*!40101 SET CHARACTER_SET_CLIENT=@OLD_CHARACTER_SET_CLIENT */;
/*!40111 SET SQL_NOTES=IFNULL(@OLD_SQL_NOTES, 1) */;
